#include <stdint.h>
#include <string.h>
#include "mem_map.h"
#include "rtconfig.h"
#include "register.h"

const unsigned int g_lcpu_bin[]= { 
	0x20406DF0,0x003FC8A9,0x003FC999,0x00400A99,
	0x00400ADB,0x003FC8F3,0x003FC8F3,0x003FC8F3,
	0x00000000,0x00000000,0x00000000,0x003FC8F3,
	0x003FC8F3,0x00000000,0x004009BD,0x00400495,
	0x003FEBB1,0x003FEC31,0x003FC8F3,0x004001BD,
	0x003FC8F3,0x003FC8F3,0x003FC8F3,0x003FC8F3,
	0x003FC8F3,0x003FC8F3,0x003FC8F3,0x003FEC6D,
	0x004001A5,0x003FC8F3,0x003FC8F3,0x003FEC4F,
	0x003FC8F3,0x003FC8F3,0x003FC8F3,0x003FC8F3,
	0x003FC8F3,0x003FC8F3,0x003FC8F3,0x003FC8F3,
	0x003FC8F3,0x003FC8F3,0x003FC8F3,0x003FC8F3,
	0x003FC8F3,0x003FC8F3,0x003FC8F3,0x003FC8F3,
	0x003FC8F3,0x003FF555,0x003FC8F3,0x00400021,
	0x003FC8F3,0x003FC8F3,0x003FC8F3,0x003FC8F3,
	0x003FC8F3,0x003FC8F3,0x00400201,0x003FC8F3,
	0x003FC8F3,0x003FC8F3,0x003FE45D,0x003FC8F3,
	0x00000000,0x4B044803,0xD0024283,0xB1034B03,
	0x47704718,0x20404DEC,0x20404DEC,0x00000000,
	0x49074B06,0x10891AC9,0x3101BF48,0xD0031049,
	0xB10B4B04,0x47184801,0xBF004770,0x20404DEC,
	0x20404DEC,0x00000000,0x4C06B510,0xB9437823,
	0xFFD8F7FF,0xB1134B04,0xF3AF4804,0x23018000,
	0xBD107023,0x204079F0,0x00000000,0x00404C94,
	0x4B05B508,0x4905B11B,0xF3AF4805,0xE8BD8000,
	0xF7FF4008,0xBF00BFCD,0x00000000,0x204079F4,
	0x00404C94,0xB990F000,0x00004770,0xF640B537,
	0x4B0A32B8,0x6C5D4C0A,0x1AEB6823,0xD90A4293,
	0xFDA6F000,0xF000A901,0xB920FDB3,0x9901200A,
	0xF4106025,0xB003FFA1,0xBF00BD30,0x50040000,
	0x20407A0C,0x4B0CB507,0x6C5A480C,0x601A4B0C,
	0xF9F0F488,0xF0002014,0xF000FD91,0xA901FD89,
	0xFD96F000,0x200AB918,0xF4109901,0x2000FF85,
	0xF85DB003,0xBF00FB04,0x50040000,0x003FC19D,
	0x20407A0C,0x4C08B510,0xF0116821,0xD1080101,
	0x20C82264,0xFE36F000,0x2098F643,0xFA26F488,
	0x2000E7F2,0xBF00BD10,0x5004A000,0xB5102300,
	0x6C914A08,0xD8054281,0x44216CD4,0xD9014281,
	0xBD10B258,0x2B053301,0x0254F102,0xF04FD1F1,
	0xE7F630FF,0x20407B8C,0xF7FFB508,0x1C43FFE7,
	0x2254BF1B,0x20004B02,0x3000FB02,0xBF00BD08,
	0x20407B8C,0x460CB510,0xB91AB1A1,0xF40F2002,
	0xE005FA81,0xFAA6F40F,0xD1042802,0xFAB7F40F,
	0xF0F4FBB0,0x2803BD10,0xF40FD102,0xE7F7FAB3,
	0xE7EC2001,0xE7F54608,0x43F7E92D,0x23544699,
	0x4E342400,0xFB034605,0x635C6300,0x460F68CB,
	0x46902B20,0x2000D903,0xE8BDB003,0x280483F0,
	0xE8DFD80D,0x2B03F000,0x004B4035,0xF89AF000,
	0x46012201,0x20044604,0xFFC4F7FF,0x215461B0,
	0x0F01F1B9,0x238FBF08,0x6105FB01,0xF881BF08,
	0x2354302D,0x902EF881,0xFB03214C,0x4A1E6605,
	0xFB014643,0x46302205,0x94004639,0xFAAAF001,
	0xD1D02800,0x2001B2E4,0xE7CD6334,0xF878F000,
	0x46012201,0x20064604,0xFF9CF7FF,0xE7D666F0,
	0xF874F000,0x46012201,0x20084604,0xFF92F7FF,
	0x00C0F8C6,0xF000E7CB,0x2201F86F,0x46044601,
	0xF7FF200A,0xF8C6FF87,0xE7C00114,0xF86AF000,
	0xB1204604,0xF40F2002,0xFBB0FA05,0xF8C6F0F4,
	0xE7B40168,0x20407B8C,0x20407A10,0x47702000,
	0x47702000,0x47702000,0x47702000,0xB08BB530,
	0x4D0C466C,0xC40FCD0F,0x2210682B,0xA8062100,
	0xF0046023,0x4B08FE15,0x93054669,0xF88D2309,
	0x2314301C,0x9308AA05,0x23002004,0xFF6CF7FF,
	0xBD30B00B,0x00401714,0x50001094,0xF7FFB510,
	0x1E04FFD5,0x2401BF18,0xFFD2F7FF,0xF044B108,
	0xF7FF0402,0xB108FFCF,0x0404F044,0xFFCCF7FF,
	0xF044B108,0xF7FF0408,0xB108FFC9,0x0410F044,
	0xBD104620,0x88184B01,0xBF004770,0x20404CCC,
	0x88184B01,0xBF004770,0x20404CCA,0x88184B01,
	0xBF004770,0x20404CC8,0x88184B01,0xBF004770,
	0x20404CC6,0x88184B01,0xBF004770,0x20404CC4,
	0xF40CB510,0xF04FFC5D,0x210142A0,0x46086913,
	0x0303F023,0x0301F043,0x69136113,0x0310F043,
	0x4B0B6113,0x80192203,0xF9F8F40F,0x681C4B09,
	0x0401F014,0xF002D108,0x2801F933,0x2264D004,
	0x20C84621,0xFCF6F000,0x4010E8BD,0xBE72F7FF,
	0x20404CC4,0x5004A000,0xF000B508,0xE8BDF805,
	0x20014008,0xB90CF000,0xB5102300,0xF44F461A,
	0x209D71A2,0xFB3EF001,0x22302300,0x1143F240,
	0xF001209C,0x2300FB37,0x461A21D3,0xF00120A1,
	0x2300FB31,0x461A21D8,0xF00120A6,0x2300FB2B,
	0x2181F240,0x20AF461A,0xFB24F001,0xF2402300,
	0x461A2181,0xF00120B1,0x2300FB1D,0x2181F240,
	0x20B0461A,0xFB16F001,0xF2402300,0x461A2181,
	0xF00120B2,0x2100FB0F,0xF00120AF,0x2100FB5F,
	0xF00120B0,0x2100FB5B,0xF00120B1,0x2100FB57,
	0xF00120B2,0x2300FB53,0x461A21EC,0xF00120C5,
	0x2300FAF9,0x719EF44F,0x20B4461A,0xFAF2F001,
	0x22302300,0x113BF240,0xF00120B3,0x2300FAEB,
	0x71A0F44F,0x20A1461A,0xFAE4F001,0x22302300,
	0x113FF240,0xF00120A0,0x2300FADD,0xF2402230,
	0x20BF114F,0xFAD6F001,0x22302300,0x71A8F44F,
	0xF00120BE,0x2300FACF,0xF2402230,0x20AB1151,
	0xFAC8F001,0x22302300,0x71A9F44F,0xF00120AC,
	0x2300FAC1,0xF2402230,0x2091117D,0xFABAF001,
	0x22302300,0x1179F240,0xF0012092,0x2300FAB3,
	0xF44F2230,0x209371BD,0xFAACF001,0x22302300,
	0x117BF240,0xF0012095,0x2300FAA5,0xF44F2230,
	0x209771BB,0xFA9EF001,0x22302300,0x71BCF44F,
	0xF0012098,0x2300FA97,0xF2402230,0x20991177,
	0xFA90F001,0x22102300,0x71B2F44F,0xF001209B,
	0x2300FA89,0xF44F2210,0x209E71B3,0xFA82F001,
	0x22102300,0x1167F240,0xF001209F,0x2300FA7B,
	0xF2402230,0x20A21165,0xFA74F001,0x21FC2300,
	0x20CA461A,0xFA6EF001,0x22302300,0x1151F240,
	0xF00120AB,0x2300FA67,0xF44F2230,0x20AC71A9,
	0xFA60F001,0x21E82300,0x20B6461A,0xFA5AF001,
	0x21FA2300,0x20C8461A,0xFA54F001,0x22302300,
	0x20C421F6,0xFA4EF001,0x22302300,0x20BE21F0,
	0xFA48F001,0x22302300,0x20BF21F1,0xFA42F001,
	0x4010E8BD,0x22102300,0x20C721F9,0xBA3AF001,
	0x47704770,0x00004770,0x8F5FF3BF,0x6A5A4B33,
	0x3280F422,0xF8D3625A,0xF0222094,0xF8C30201,
	0xF3BF2094,0xF3BF8F4F,0x22008F6F,0xF8C34611,
	0x32012098,0xF8C32A08,0xD1F810A0,0x20C0F8D3,
	0x02FFF022,0x0222F042,0x20C0F8C3,0x20C0F8D3,
	0x427FF422,0x4288F442,0x20C0F8C3,0x20C0F8D3,
	0x027FF422,0x20C0F8C3,0xF8C32206,0xF8C31098,
	0x4A1B209C,0xF8C3491B,0x220120A0,0x2098F8C3,
	0xF8C34A19,0x4A19209C,0x20A0F8C3,0xF8C32202,
	0xF1022098,0xF8C35228,0x4A15209C,0x20A0F8C3,
	0xF8C32203,0xF8C32098,0x4912109C,0x10A0F8C3,
	0xF8C32104,0x49101098,0x109CF8C3,0xF8C3490F,
	0xF3BF10A0,0xF8C38F5F,0x6A5A2094,0x3280F442,
	0xF3BF625A,0xF3BF8F4F,0x47708F6F,0xE000ED00,
	0x004FFFE1,0x40000003,0x1C000006,0x1FFFFFE1,
	0x2A27FFE3,0x5FFFFFE5,0x203FC002,0x204FFFE3,
	0x4B2DB570,0x60A34C2D,0x3088F8D4,0x033FF043,
	0x3088F8C4,0x3088F8D4,0x0370F443,0x3088F8C4,
	0xFF70F7FF,0xFF70F7FF,0xF4136963,0xD1113300,
	0x8F4FF3BF,0x8F6FF3BF,0x3250F8C4,0x8F4FF3BF,
	0x8F6FF3BF,0xF4436963,0x61633300,0x8F4FF3BF,
	0x8F6FF3BF,0x69534A19,0x3380F413,0xF8C2D123,
	0xF3BF3084,0xF6438F4F,0xF8D274E0,0xF3C33080,
	0xF3C300C9,0x015B334E,0xEA034601,0xEA460604,
	0x39017581,0x5260F8C2,0x3B20D2F9,0x0F20F113,
	0xF3BFD1F2,0x69538F4F,0x3380F443,0xF3BF6153,
	0xF3BF8F4F,0xF0018F6F,0xF47EFF37,0x4B04FAD3,
	0x601A4A04,0xBF00BD70,0x003FC000,0xE000ED00,
	0x20404CD0,0x017D7840,0xD048F8DF,0xF3804812,
	0xF7FF880A,0x4C11FF95,0x42AC4D11,0x6821DA09,
	0x68A36862,0xBFA23B04,0x50D058C8,0x340CE7FA,
	0x4B0CE7F3,0x42A34C0C,0x6819DA08,0x2000685A,
	0xBFA43A04,0xE7FB5088,0xE7F43308,0xFEAEF003,
	0xE7FEE7FE,0x20406DF0,0x20404DF0,0x00404CA8,
	0x00404CB4,0x00404CB4,0x00404CC4,0x47702000,
	0xB5084770,0xFDA4F7FF,0xFFFAF7FF,0xFBBDF001,
	0xFEEEF001,0xBF183801,0xF0002001,0x2003F843,
	0xFCC0F40D,0xF0032000,0x3800FD7E,0x2001BF18,
	0x0000BD08,0x68134A02,0x60133301,0xBF004770,
	0x20407D30,0xB5704603,0xF242B1B8,0xF04F7510,
	0x42AB26E0,0xF5A3BF84,0xF242541C,0x69327310,
	0x2400BF98,0xBF884618,0x07D33C10,0xF406D508,
	0x4623FDAF,0xD1EC2C00,0xF406E001,0xBD70FDC7,
	0xFDC4F406,0x4770E7F5,0x4B05B508,0x005B695B,
	0xF001D502,0xBD08FD9B,0xFFF5F7FF,0xBF00E7FB,
	0x5000F000,0x4A03B920,0xF4236B93,0x63937300,
	0xBF004770,0x50016000,0xB4702104,0x6C466C82,
	0x021CF002,0x68036835,0x42294091,0xD013681C,
	0xD5110761,0x0692681A,0x681ABF5E,0x0204F022,
	0xE9D0601A,0xF0031311,0x2304021C,0x604B4093,
	0xBB136B43,0x4770BC70,0x40912102,0xD01E4229,
	0x0F02F014,0x6071D01B,0x681A6803,0xD4060694,
	0xF022681A,0x601A020A,0xF8802301,0x23003029,
	0x3028F880,0x2B006B03,0x6802D0E4,0x06916812,
	0xF890D403,0x2A012029,0xBC70D1DC,0x21084718,
	0xF202FA01,0xD0D5422A,0xD5D30722,0xF022681A,
	0x601A020E,0xE9D02201,0xF0031311,0xFA02031C,
	0x604BF303,0x64022300,0x3028F880,0x2029F880,
	0xE7BE6B83,0x42984B07,0x2340BF14,0x428B2360,
	0xE7FED800,0x031FF001,0x80130949,0x10C1EB00,
	0xBF004770,0x40080000,0xF10DB537,0x46040206,
	0xF7FF460D,0xB310FFE7,0xF8BD4A19,0x42943006,
	0x6DC2D01F,0x07D140DA,0x6D02D519,0x07D240DA,
	0xE7FED400,0xFA022201,0x65C3F303,0x46204629,
	0xF9E8F003,0x46204629,0xF948F40C,0xDB062800,
	0x30082301,0x40834A0B,0x4300F043,0xB0036253,
	0x6CC2BD30,0x07D140DA,0x69C2D5F9,0x07D240DA,
	0xE7FED400,0xFA022201,0x64C3F303,0xBF00E7DE,
	0x50080000,0x50040000,0xB5704B0A,0x46044298,
	0xF103D004,0x42985380,0xE7FED00A,0x2500265D,
	0x4620B2A9,0xF7FF3501,0x42AEFFAF,0xBD70D2F8,
	0xE7F4263B,0x40080000,0x42904A09,0x4B09D002,
	0xD10B4298,0x33FFF04F,0x64C34290,0x30CCF8C0,
	0x2000D001,0xF8C04770,0xE7FA314C,0x47702001,
	0x40080000,0x50080000,0xF10DB513,0x46040206,
	0xFF78F7FF,0x4A12B310,0x3006F8BD,0xD00F4294,
	0x40DA6DC2,0xD50807D2,0x40DA6D02,0xD40007D4,
	0x2201E7FE,0xF303FA02,0x200065C3,0xBD10B002,
	0x40DA6CC2,0xD5F807D1,0x40DA69C2,0xD40007D2,
	0x2201E7FE,0xF303FA02,0xE7EE64C3,0xE7ED2001,
	0x50080000,0xB004B40F,0x00004770,0x2811B199,
	0x2807D811,0x4B09BF8A,0x38084B09,0xF04F681A,
	0xBF880307,0xEB00B2C0,0x40830040,0x40C34013,
	0x2000700B,0x20014770,0xBF004770,0x50040008,
	0x50040004,0x6803B510,0x681A4604,0xD50607D1,
	0x07D2689A,0x2201D503,0xF40C605A,0x6823FC1F,
	0x0791681A,0x2202D504,0x605A4620,0xFAE4F003,
	0x681A6823,0xD5070752,0x0750689A,0x2204D504,
	0x605A4620,0xFA93F40C,0x681A6823,0xD5070711,
	0x0712689A,0x2208D504,0x605A4620,0xFBFDF40C,
	0x681A6823,0xD50A05D0,0x4620689A,0x7280F422,
	0xF44F609A,0x68237280,0xF40C605A,0x6823FA79,
	0x0591681A,0x689AD50A,0xF4224620,0x609A7200,
	0x7280F44F,0x605A6823,0xFA6AF40C,0x681A6823,
	0xD50A0552,0x4620689A,0x6280F422,0xF44F609A,
	0x68237280,0xF40C605A,0xBD10FA5B,0xBB9CF003,
	0x68184B01,0xBF004770,0x20407D50,0x46014B02,
	0x20046018,0xBA08F410,0x20407D50,0x477020C8,
	0x78184B01,0xBF004770,0x20404CD4,0x4B03B118,
	0x20007018,0xF04F4770,0x477030FF,0x20404CD4,
	0x43F7E92D,0x46074B54,0x460E6818,0x0001F010,
	0x8096F040,0xFD96F40E,0xF0402801,0x4B4F8094,
	0x06DB6BDB,0x8092F100,0x782B4D4D,0xF0402B00,
	0xF04F8090,0x702843A0,0x9014F8D3,0x3802F3C9,
	0x0F07F1B8,0xF04FD005,0x220731FF,0xF40E4608,
	0x4C44FD85,0xF8D42001,0xF36F3114,0xF44343DC,
	0xF8C42300,0xF8D43114,0xF0433114,0xF8C45300,
	0xF8D43114,0xF4233114,0xF8C43380,0xF8D43114,
	0xF8C43114,0xF8D43114,0xF36F3114,0xF8C4030F,
	0xF8D43114,0x431F3114,0x7114F8C4,0x3114F8D4,
	0x3300F443,0x3114F8C4,0xFF88F7FF,0x3118F8D4,
	0xDAFB2B00,0x4118F8D4,0x0F07F1B8,0x4400F024,
	0x4642D006,0x2102F3C9,0x003FF009,0xFD46F40E,
	0x809CF8DF,0xF8D84F24,0xB37B3000,0x42A2683A,
	0x1AA1D21E,0xD92429FA,0xD9224293,0x29FA1A99,
	0x210DD91F,0x0242EB02,0xFB013208,0x09122204,
	0x481A1B11,0x9100603A,0xF7FF4621,0x2000FEDB,
	0xF8C8683B,0x60334000,0xB0037028,0x83F0E8BD,
	0x1B11D907,0xD90429C8,0xD2024293,0x29C81AD1,
	0xEBC2E7DE,0x44221202,0xE7E03208,0xE7DF4622,
	0x30FFF04F,0xF06FE7E9,0xE7E60001,0x0003F06F,
	0xF06FE7E3,0xE7E00002,0x5004A000,0x50040000,
	0x20407D4C,0x50090000,0x20407D44,0x00403128,
	0x20407D48,0x4FF0E92D,0xE9CDB087,0x4B931203,
	0xF015681D,0xF0400501,0x4F91811B,0x8000F897,
	0x0F00F1B8,0x8117F040,0x703A2201,0x8010F3EF,
	0x8810F382,0x4320F5A3,0xF04168D9,0x60D90104,
	0x700A4988,0x8810F380,0x2A0068DA,0xF04FDAFC,
	0x691342A0,0x0303F023,0x0301F043,0xF8D26113,
	0xF3CAA014,0xF1BB3B02,0xD0050F07,0x31FFF04F,
	0x46082207,0xFCBAF40E,0x46912200,0x92054B7A,
	0x1114F8D3,0xF36F2001,0xF44141DC,0xF8C32100,
	0xF8D31114,0xF0411114,0xF8C35100,0xF8D31114,
	0xF4211114,0xF8C33180,0xF8D31114,0xF8C31114,
	0xF8D31114,0xF36F1114,0xF8C3010F,0xF8D31114,
	0xF0411114,0xF8C301C8,0xF8D31114,0xF4411114,
	0xF8C33100,0xF7FF1114,0x9A05FEB9,0xF8D34B62,
	0x29001118,0x4E61DAFB,0x4118F8D3,0xF0246831,
	0xB1814400,0xF4092004,0xF241FA4F,0x42843187,
	0x1A22BF8C,0x428A1B02,0xD9044B57,0x0901F109,
	0x0F0AF1B9,0x2300D1B3,0x48554621,0xFE1AF7FF,
	0x0F0AF1B9,0x4A53D121,0x33017813,0x2B04B2DB,
	0xD1017013,0x60332300,0x0F07F1BB,0x465AD006,
	0x2102F3CA,0x003FF00A,0xFC50F40E,0x0900F04F,
	0xF8834B44,0xF1B89000,0xD10D0F00,0x0001F06F,
	0x8000F887,0xE8BDB007,0x46218FF0,0xF4102003,
	0xF04FF883,0xE7DF0801,0x93002301,0x22FA23C8,
	0x483D4619,0xFDE6F7FF,0xB11B9B03,0xF8C62302,
	0x93039000,0x9B046831,0x90E8F8DF,0xBF3C4299,
	0x60313101,0xF8D92901,0xF8DF3000,0xD94D80DC,
	0xF8D82902,0xD0192000,0xD20E42A2,0x29FA1AA1,
	0x4293D904,0x1A99D902,0xD83629FA,0x02C2EBC2,
	0x44223204,0x08D22502,0xD9F7E00C,0x29C81B11,
	0x4293D9F4,0x1AD1D2F2,0xE7EE29C8,0x32012501,
	0x08524422,0x0A00F04F,0xF8C84621,0x481F2000,
	0x5A00E9CD,0xFDA6F7FF,0x0000F8D8,0x4000F8C9,
	0xFE24F7FF,0xF4092003,0x4604F9BF,0xF4092004,
	0xF8CDF9BB,0x4602A000,0x48154621,0xF7FF6833,
	0x9803FD91,0xA000F887,0x210DE794,0x0242EB02,
	0xFB013208,0x25032204,0xE7D30912,0xE7D14622,
	0x30FFF04F,0xF06FE786,0xE7830002,0x5004A000,
	0x20407D4C,0x20407D4D,0x50090000,0x20407D40,
	0x0040315A,0x20407D3C,0x0040317C,0x004031A5,
	0x004031E9,0x20407D34,0x20407D38,0xB1E0B510,
	0x2300B1D9,0x60432201,0x202AF880,0x6004680C,
	0xF880684A,0x688A2028,0x68CA6102,0x61420512,
	0xF8C422FF,0xF04F2084,0x68012450,0x6801678C,
	0x6801620A,0x644A4618,0x2001BD10,0xB138E7FC,
	0x20006802,0xF0236C13,0x431903FF,0x47706411,
	0x47702001,0xB1C8B570,0xF99D6805,0xF99D6018,
	0x6CAC001C,0x00C6EA40,0x23C3EA40,0x0010F99D,
	0x0414F36F,0x2300EA43,0x0014F99D,0x1380EA43,
	0x3242EA43,0x4181EA42,0x64A94321,0xB118BD70,
	0x20006803,0x47706059,0x47702001,0x6803B130,
	0xF3C13901,0x20000113,0x47706259,0x47702001,
	0x6803B118,0xF0006918,0x47700001,0x6802B120,
	0xF0436953,0x61530301,0xB5384770,0x4604460D,
	0x6803B1A8,0x6B4361DA,0x2001B10B,0x68234798,
	0x4620619D,0xFFE4F7FF,0xD0FA2800,0xF7FF4620,
	0x6B63FFE5,0x2000B10B,0x20004798,0x2001BD38,
	0xB128E7FC,0x68586803,0xF00043C0,0x47700001,
	0x47702001,0x6803B108,0x47706858,0x6802B120,
	0xF3616D53,0x6553238E,0xB1084770,0x60D96803,
	0xB5704770,0x6805B1E8,0x601CF99D,0x0020F99D,
	0xEA406AAC,0xF99D00C6,0xF36F6010,0xEA400415,
	0xF99D20C6,0xEA406014,0xF99D2006,0xEA406018,
	0xEA401086,0xEA433343,0xEA424282,0x43215141,
	0xBD7062A9,0x6803B150,0xB121681A,0x0201F042,
	0x601A2000,0xF0224770,0xE7F90201,0x47702001,
	0x6802B130,0x68932000,0x0302F361,0x47706093,
	0x47702001,0x6803B150,0xB121681A,0x7280F042,
	0x601A2000,0xF0224770,0xE7F97280,0x47702001,
	0x6800B300,0xB1B16D83,0xBF842A02,0xB2D23A02,
	0x4170F423,0xF0210313,0xF403010F,0x430B23FE,
	0xBF540612,0x032AF043,0x033AF043,0x3380F423,
	0x20006583,0xF4234770,0xF0234370,0xF443033F,
	0xE7F53380,0x47702001,0x4605B57F,0xD03D2800,
	0xB30168C4,0x306AF894,0xD0372B00,0x6072F994,
	0x306EF994,0x106CF994,0x206DF994,0xF9949603,
	0x96026071,0x6070F994,0xF9949601,0x9400406F,
	0xFF08F7FF,0xF89368EB,0x4628106A,0xFEF7F7FF,
	0xB0042000,0xF894BD70,0xB1BB3046,0x604EF994,
	0x304AF994,0x1048F994,0x2049F994,0xF9949603,
	0x9602604D,0x604CF994,0xF9949601,0x9400404B,
	0xFEE8F7FF,0xF89368EB,0xE7DE1046,0xE7E02001,
	0x4605B57F,0xD0362800,0xB1E168C4,0x616EF994,
	0x316AF994,0x1168F994,0x2169F994,0xF9949603,
	0x9602616D,0x616CF994,0xF9949601,0x9400416B,
	0xFEC8F7FF,0xF89368EB,0x46281166,0xFEB7F7FF,
	0xB0042000,0xF994BD70,0xF994615C,0xF9943158,
	0xF9941156,0x96032157,0x615BF994,0xF9949602,
	0x9601615A,0x4159F994,0xF7FF9400,0x68EBFEAB,
	0x1154F893,0x2001E7E1,0xB5F0E7E3,0x460668C4,
	0xB0874617,0x2938B36C,0xEB01D82B,0x442C05C1,
	0xB3337C23,0xC018F994,0x3013F994,0x2012F994,
	0x1011F994,0xC010F8CD,0xC017F994,0xC00CF8CD,
	0xC016F994,0xC008F8CD,0xC015F994,0xC004F8CD,
	0x4014F994,0xF7FF9400,0x68F3FEEC,0x442B463A,
	0x7C194630,0xFEB1F7FF,0xBF183800,0xB0072001,
	0x2001BDF0,0xB570E7FB,0xB3E04604,0xB3D368C3,
	0xF893B3C9,0x21015193,0xF7FFB3B5,0x2200FE87,
	0x46202114,0xFFB9F7FF,0xF7FF4620,0xF010FEBB,
	0xD0000501,0x462AE7FE,0x46202115,0xFFADF7FF,
	0xB1204606,0x4629462A,0xF7FF4620,0x2102FFA6,
	0xF7FF4620,0x2101FE64,0xF7FF4620,0x2200FE67,
	0x4620212B,0xFF99F7FF,0x2101B16E,0xF7FF4620,
	0x2200FE5D,0x46202102,0xFF8FF7FF,0xF7FF4620,
	0x2800FE88,0xBD70D0F5,0xFE50F7FF,0x2102462A,
	0xF7FF4620,0x4620FF82,0xFE84F7FF,0x2114462A,
	0xF7FF4620,0xB910FF7A,0xF7FF4620,0x68E3FE7B,
	0xB3AB7A1B,0xF0032101,0x091B050F,0xF303FA01,
	0xB10DB2DB,0x2300461D,0x21152200,0xEA434620,
	0xF7FF2505,0x4606FF62,0x2200B120,0x46114620,
	0xFF5BF7FF,0x46204629,0xFE19F7FF,0x46202102,
	0xFE1CF7FF,0x21032200,0xF7FF4620,0x2E00FF4E,
	0x2101D0C1,0xF7FF4620,0x2200FE11,0x46202102,
	0xFF43F7FF,0xF7FF4620,0x2800FE3C,0xE7B2D0F5,
	0xE7D12502,0x4604B538,0xF7FF460D,0x4629FF6C,
	0xF7FF4620,0xBD38FEB1,0x4604B538,0xF7FF460D,
	0x4629FF62,0xF7FF4620,0xBD38FEEB,0x2201B530,
	0x46052400,0x4623B087,0x4203E9CD,0xE9CD4621,
	0x94004401,0xFE2DF7FF,0x46282103,0xFDDEF7FF,
	0x219F4622,0xF7FF4628,0x4628FDF0,0xFE12F7FF,
	0x407FF020,0xBD30B007,0x4604B570,0xD03E2800,
	0x210168C3,0x5193F893,0xD03B2D00,0xFDC6F7FF,
	0x21022200,0xF7FF4620,0xBB88FEF8,0xF7FF4620,
	0xB2C0FDF9,0x79DD68E3,0xEA20B10D,0x22000505,
	0x46202115,0xFEE9F7FF,0xB1204606,0x46202200,
	0xF7FF4611,0x4629FEE2,0xF7FF4620,0x2101FDA0,
	0xF7FF4620,0x2200FDA3,0x46202103,0xFED5F7FF,
	0x2101B16E,0xF7FF4620,0x2200FD99,0x46202102,
	0xFECBF7FF,0xF7FF4620,0x2800FDC4,0xBD70D0F5,
	0xE7CF2000,0xFD8AF7FF,0x2102462A,0xF7FF4620,
	0x2800FEBC,0x4620D13E,0xFDBCF7FF,0x2200B2C6,
	0x46202114,0xFEB1F7FF,0x4620B918,0xFDB2F7FF,
	0x68E3B2C5,0xB10979D9,0x0101EA26,0x46202200,
	0x2505EA41,0xF7FF2115,0x4606FEA0,0x2200B120,
	0x46114620,0xFE99F7FF,0x46204629,0xFD57F7FF,
	0x46202102,0xFD5AF7FF,0x21032200,0xF7FF4620,
	0x2E00FE8C,0x2101D0C3,0xF7FF4620,0x2200FD4F,
	0x46202102,0xFE81F7FF,0xF7FF4620,0x2800FD7A,
	0xE7B4D0F5,0xE7C2462E,0x6803B160,0x6D98B153,
	0xF0010109,0xF0020110,0xF020020F,0x4311001F,
	0x65994301,0xB5304770,0xB0874605,0x6803B1C0,
	0xF013681B,0xF04F0F01,0xD0130301,0x93042400,
	0x46214622,0xE9CD4623,0xE9CD4402,0xF7FF4400,
	0x4622FD68,0x462821B9,0xFD2FF7FF,0xBD30B007,
	0xE7FB2001,0xE7F94618,0x4605B570,0xB308B086,
	0x24006803,0x4621681E,0x0601F016,0x681ABF02,
	0x0201F042,0x2301601A,0xE9CD4622,0xE9CD4303,
	0x46234401,0xF7FF9400,0x4622FD44,0x462821AB,
	0xFD0BF7FF,0x682AB926,0xF0236813,0x60130301,
	0xBD70B006,0xE7FB2001,0x47702000,0xF7FFB108,
	0x20FFBEF5,0xB57F4770,0x460A4604,0x68C5B351,
	0x31FFF895,0xD03B2B00,0x3028F890,0xF995B3C3,
	0xF9956207,0xF9952202,0xF9953203,0x96031201,
	0x6206F995,0xF9959602,0x96016205,0x5204F995,
	0xF7FF9500,0x68E3FC9F,0xF8934620,0xF7FF11FF,
	0x2101FC8E,0xF8944620,0xF7FF202D,0x2000FD49,
	0xBD70B004,0xFD44F7FF,0xF8946963,0xF1B31028,
	0xD9067F80,0x4620B919,0xFDA2F7FF,0x2101E7EF,
	0xB919E7F9,0xF7FF4620,0xE7E8FD57,0xE7F92101,
	0xE7E52001,0x43F8E92D,0x4690460E,0x4604461F,
	0xF0002800,0x2900809D,0x809AF000,0xFC3EF7FF,
	0xF7FF6820,0x6933FFA1,0xF8842100,0x68B33044,
	0x64A34605,0xF88468F3,0x051B102C,0x230264E3,
	0x3046F884,0xF8C46933,0x1E5A8008,0x41534253,
	0x302BF884,0x0F00F1B8,0x2F00D058,0x683BD056,
	0x3000F8C8,0x68FA68A3,0x2210605A,0x609A68A3,
	0x68A32280,0x68A360D9,0xF44F611A,0x68A35280,
	0x68A36159,0x68A36199,0x68A361D9,0x68A3621A,
	0xB1C06259,0x437FF06F,0xD0144298,0xF8942601,
	0x2B00302B,0x2E00D13D,0x4620D13D,0xFF34F7FF,
	0xF7FF4630,0x2032F80F,0xF80CF7FF,0xF7FF4620,
	0x4605FF55,0x2101E02F,0xF7FF4620,0x4B63FC77,
	0x462069A2,0xF04F429A,0xBF8C0200,0x46112101,
	0xFEEAF7FF,0xF89D4620,0xF7FF1020,0xF894FC6E,
	0xB12B3045,0xD1102B01,0x46202100,0xFCA2F7FF,
	0x46202101,0xFC86F7FF,0xE7C82600,0xD0DE2D00,
	0x437FF06F,0xD1C1429D,0x2B02E7D9,0x2101D1F0,
	0x2E00E7EB,0x6425D0CA,0xF885FA5F,0x2907F3C5,
	0x4507F3C5,0x4629464A,0xF0004640,0x4607FB9B,
	0xB93860E0,0x46204601,0xFC64F7FF,0x7712E9C4,
	0xE01B2001,0x4629464A,0xF0004640,0x464AFB9F,
	0x46074629,0xF0004640,0x464AFBAD,0x462963A0,
	0xF0004640,0x63E0FB56,0x6803B108,0xB10F63A3,
	0x616764E7,0x302BF894,0x2000B113,0x83F8E8BD,
	0xD15F2E00,0xF7FF4620,0x6963FDFF,0x7F80F1B3,
	0x4632D92D,0x46202121,0xFCFFF7FF,0x3028F894,
	0x4631B953,0xF8844620,0xF7FF602E,0x2107FDC5,
	0xF7FF4620,0xE7E0FC35,0x46202101,0xFDBCF7FF,
	0x702EF894,0xD1F22F01,0x4629464A,0xF0004640,
	0xB120FB67,0x46204639,0xFEC5F7FF,0x4632E7E7,
	0x46204631,0xFC34F7FF,0x602EF884,0xF894E7DF,
	0xB9333028,0x46204631,0x602EF884,0xFD92F7FF,
	0x2101E7BB,0xF7FF4620,0xF894FD8D,0x2F01702E,
	0x464AD112,0x46404629,0xFB42F000,0x4639B120,
	0xF7FF4620,0xE7A8FEA0,0x46314632,0xF7FF4620,
	0xF884FC0F,0xE7A0602E,0x46314632,0xF7FF4620,
	0xE79AFC07,0x302EF884,0xBF00E797,0x03938700,
	0xB1BAB570,0x38694C0D,0xD8122805,0xF0112301,
	0xFA030F10,0xBF14F600,0x25004635,0x40833008,
	0x6822068A,0x431DBF48,0xEA224333,0x432B0303,
	0xBD706023,0x38C54C02,0xBF00E7E6,0x5004B0CC,
	0x5004B0D0,0xBFC82887,0x01433888,0x4A07B162,
	0x44132000,0x2010F833,0xD004428A,0x28103001,
	0xF04FD1F8,0x477030FF,0xE7F14A01,0x00402048,
	0x00401728,0x43F8E92D,0x4614460D,0xB9184606,
	0x30FFF04F,0x83F8E8BD,0xBFCD2886,0x0900F04F,
	0x0901F04F,0xF1A04680,0x46480888,0xFC84F40C,
	0x46074629,0x4630464A,0xFFCCF7FF,0xDBE71E05,
	0x4621464A,0xF7FF4630,0xF1B9FFA3,0xD1190F00,
	0xDD172ECA,0x06E04A14,0x3026F852,0x3505EA4F,
	0x43E0F423,0x0318F023,0xF043BF48,0x06A10308,
	0xF043BF48,0xF4050310,0x431D45E0,0x5026F842,
	0xE7C72000,0x4380F108,0xF8573B01,0xF0042023,
	0xF0220430,0x4314023F,0x050FF005,0xF044432C,
	0xF8470440,0xE7EB4023,0x5004AD88,0xB5702886,
	0xDD254604,0xDC1628CA,0xF1A02600,0x46300588,
	0xFC3AF40C,0x4380F105,0xF8503B01,0x46321023,
	0x015FF021,0x010FF041,0x1023F840,0x46202100,
	0xFF56F7FF,0x4A08E00A,0x3020F852,0x43E0F423,
	0x030EF023,0x43E0F443,0x3020F842,0xBD702000,
	0x26014605,0xBF00E7DB,0x5004AD88,0xE7FEB900,
	0x2A077D02,0xE7FED900,0x33106803,0x1302EB03,
	0x60436882,0x6843605A,0x609A68C2,0x76032301,
	0x47702000,0xB5102201,0x68047D03,0xF303FA02,
	0x6861B341,0xF443430B,0x60633380,0x7D016804,
	0x408A68A3,0xEA434313,0x60A34302,0x7CC17C83,
	0x04DB7D82,0x4301EA43,0x68424313,0x7D036013,
	0xD80B2B03,0xB14B8A03,0x68D36842,0x60D3B29B,
	0x8A016842,0xEA4368D3,0x60D34301,0x76022202,
	0xBD102000,0xEA4368A1,0xEA214303,0x60A30303,
	0x2301E7F5,0x7D006802,0x40836851,0x6053430B,
	0x46034770,0x4610B510,0xF0002A00,0x290080DD,
	0x818EF000,0xD8602B5E,0xF013E8DF,0x00F300D1,
	0x00670177,0x006A0177,0x006D0174,0x00ED0070,
	0x016C016F,0x00730169,0x0076005F,0x01190079,
	0x0080007C,0x00840165,0x0088014D,0x0090008C,
	0x00980094,0x0149009C,0x01410145,0x00A400A0,
	0x0139013D,0x00AC00A8,0x015D0161,0x006300B0,
	0x00B40135,0x00BC00B8,0x00E500C0,0x01590107,
	0x01510155,0x00C800C4,0x00CC005F,0x00D0011D,
	0x00D70187,0x00DB00D9,0x018400EB,0x00DF00DD,
	0x00E300E1,0x01150063,0x00E900E7,0x010D00EF,
	0x017B00F1,0x00F900F7,0x012900FB,0x010100FF,
	0x01050103,0x01210109,0x012D0125,0x01710131,
	0x017F0179,0x00600181,0xE7FE010B,0x23202401,
	0x2300E0AC,0x7480F04F,0x2300E06A,0xE0672402,
	0x24042300,0x2300E064,0xE0612408,0x24102300,
	0x2300E05E,0xE05B2420,0x24402300,0x2300E058,
	0xE0552480,0xF44F2300,0xE0517480,0xF44F2300,
	0xE04D7400,0xF44F2300,0xE0496480,0xF44F2300,
	0xE0456400,0xF44F2300,0xE0415480,0xF44F2300,
	0xE03D5400,0xF44F2300,0xE0394480,0xF44F2300,
	0xE0354400,0xF44F2300,0xE0313480,0xF44F2300,
	0xE02D3400,0xF44F2300,0xE0292480,0xF44F2300,
	0xE0251480,0xF44F2300,0xE0211400,0xF44F2300,
	0xE01D0480,0xF04F2300,0xE0197400,0xF04F2300,
	0xE0156480,0xF04F2300,0xE0116400,0xF04F2300,
	0xE00D5480,0xF04F2300,0xE0095400,0xF04F2300,
	0xE0054480,0xF04F2300,0xE0014400,0x24012301,
	0x6004600B,0x4080F04F,0x2301BD10,0x2301E78E,
	0x2301E78F,0x2301E790,0x2301E791,0x2301E792,
	0x2301E793,0x2301E794,0x2301E795,0x2301E797,
	0x2301E799,0x2301E79B,0x2301E79D,0x2301E7A3,
	0x2300E7A5,0x0400F44F,0x2301E7DA,0x2301E7A7,
	0x2301E7A9,0x2400F44F,0x2301E7D2,0x2301E7A7,
	0x2301E7A9,0x2301E7AB,0x2301E7EC,0x2301E7AB,
	0x2301E7C1,0x2400E78F,0x4380F04F,0x6003600C,
	0x40A0F04F,0x2400E7C0,0x5300F04F,0x2400E7F6,
	0x5380F04F,0x2400E7F2,0x6300F04F,0x2400E7EE,
	0x6380F04F,0x2400E7EA,0x7300F04F,0x2400E7E6,
	0x7380F04F,0x2400E7E2,0x0300F44F,0x2400E7DE,
	0x0380F44F,0x2400E7DA,0x1300F44F,0x2400E7D6,
	0x1380F44F,0x2400E7D2,0x2300F44F,0x2400E7CE,
	0x2380F44F,0x2400E7CA,0x3300F44F,0x2400E7C6,
	0x3380F44F,0x2400E7C2,0x4300F44F,0x2400E7BE,
	0x4380F44F,0x2400E7BA,0x5300F44F,0x2400E7B6,
	0x5380F44F,0x2400E7B2,0x6380F44F,0x2400E7AE,
	0x7300F44F,0x2400E7AA,0x7380F44F,0x2400E7A6,
	0xE7A32380,0x23402400,0x2400E7A0,0x2400E6EF,
	0xE79B2310,0x23082400,0x2400E798,0x2401E796,
	0x2400E7F6,0x4300F04F,0x2401E790,0x2401E7F3,
	0xE78B2304,0x23022401,0x2401E788,0xE7854623,
	0xE7494608,0x466AB507,0xF7FFA901,0xF1B0FE62,
	0xD1044F80,0xB15B9B01,0xD0182B01,0xF1B0E7FE,
	0xD1FB4FA0,0xB1A39B01,0xD1F72B01,0xE0004B0A,
	0xF3EF4B0A,0x22018110,0x8810F382,0x9800681A,
	0x601A4302,0x8810F381,0xF85DB003,0x4B04FB04,
	0x4B04E7EF,0xBF00E7ED,0x5000000C,0x40000008,
	0x4000000C,0x50000008,0xB5084770,0xFFFCF7FF,
	0x2000BD08,0x20004770,0x00004770,0x4604B5F8,
	0xB2C03801,0xD81628FD,0x4E0D2500,0x0B04F856,
	0xB9377807,0x2D063501,0x4620D1F8,0xFFEBF7FF,
	0x42A7E00D,0x7847D105,0xD1024297,0x428F7887,
	0x3008D003,0x2000E7EC,0xB103E001,0xBDF8701D,
	0x00403788,0xF10DB507,0xF7FF0307,0x4B06FFD7,
	0xF44FB140,0xF89D7105,0xFB012007,0xB0033002,
	0xFB04F85D,0xE7FA4618,0x004039D0,0x2300B508,
	0xFFC4F7FF,0x6840B108,0xF44FBD08,0xE7FB2000,
	0x2300B508,0xFFBAF7FF,0x78C0B110,0x0001F000,
	0x0000BD08,0x2300B508,0xFFB0F7FF,0x78C3B130,
	0xF0034803,0x2B020306,0x2000BF18,0xBF00BD08,
	0x00FFC000,0x47702000,0x4E12B5F8,0x4C134B12,
	0x33206033,0x4A126023,0x4F134B12,0x4B13601A,
	0x603B4D13,0x73E6F503,0x4B12602B,0x726BF502,
	0x601A4811,0xF8FCF419,0x68306839,0x72E6F44F,
	0xFE04F483,0xF44F6820,0x682972E6,0xFDFEF483,
	0xBDF82000,0x20407D68,0x204FF000,0x20407D64,
	0x204FF040,0x20407D54,0x20407D60,0x204FF050,
	0x20407D5C,0x20407D58,0x003FE299,0xB5102306,
	0xF88DB088,0x23003004,0xA8014A0C,0x3303E9CD,
	0x2306E9CD,0x93029305,0xFB06F434,0x60204C08,
	0xF240B928,0x49072262,0xF47D4807,0x6820F853,
	0xFB5EF434,0xB0082000,0xBF00BD10,0x003FE165,
	0x20407D6C,0x00404648,0x00403211,0x4601B513,
	0x0000F88D,0xF0002001,0x4C15F8EF,0x68209001,
	0xFC96F483,0x2000F89D,0xD81A4282,0x68209901,
	0xFCC4F483,0xF4394668,0x2801FC97,0x4B0DD109,
	0x8853681A,0x80533301,0xF0009801,0xB002F8D3,
	0x2802BD10,0x4B07D1F8,0x8813681A,0x80133301,
	0x4B04E7F2,0x8893681A,0x80933301,0xBF00E7EC,
	0x20407D64,0x20407D54,0x7803B570,0x2B094604,
	0xD078B08C,0xF0002B0A,0x2B07809C,0x4668D165,
	0xFB32F43A,0xAA07466B,0x4615AE04,0x68596818,
	0xC5033308,0x462A42B3,0x6818D1F7,0x60282214,
	0xA9074D47,0xF4806828,0xB350FEEB,0x48456829,
	0x89CA8A0B,0xF4807C89,0x682EF963,0xF43A4668,
	0x466BFB13,0xA9054632,0x0B04F853,0xF842428B,
	0xD1F90B04,0x68184B3C,0xFE86F483,0x68184B3B,
	0xFE82F483,0x46192300,0x68024839,0x330252D1,
	0xD1FA2B0C,0x48376829,0x89CA8A0B,0xF4807C89,
	0x4D31F93F,0x68284E32,0xFC1AF483,0x46017923,
	0x44033304,0x7FE6F5B3,0x2204D81A,0x18A16828,
	0xFD48F483,0x68A17922,0xF4836828,0x7920FD43,
	0xFF64F7FF,0x48286832,0x68008953,0x81533301,
	0x461A2300,0xF4344619,0x2000FBA7,0xBD70B00C,
	0xF4804822,0x7920F915,0xFF50F7FF,0x88D36832,
	0x80D33301,0x4D16E7E6,0x682C4668,0xFABCF43A,
	0x4622466B,0xF853A905,0x428B0B04,0x0B04F842,
	0x6829D1F9,0x89CA4816,0x7C898A0B,0xF8F8F480,
	0x68184B0D,0xFE28F483,0x68184B0C,0xFE24F483,
	0x46192300,0x6802480A,0x330252D1,0xD1FA2B0C,
	0x4B07E7CB,0x8913681A,0x81133301,0xBF00E7C5,
	0x20407D58,0x00403243,0x20407D68,0x20407D64,
	0x20407D54,0x00403267,0x20407D6C,0x0040328B,
	0x00403247,0xBA20F47E,0xB850F47D,0xB5102907,
	0xD904460C,0x490A2234,0xF47C480A,0x4B0AFF43,
	0x40E26A5A,0xD50307D2,0x6A98B91C,0xF9B4F434,
	0xEB03BD10,0x6A980384,0x4010E8BD,0xB990F434,
	0x00404663,0x004032AD,0x204EC0A4,0xF002B508,
	0x4803F92D,0xF82EF40B,0x4008E8BD,0xB93EF002,
	0x20404CD8,0x4A06B508,0x69534806,0x5300F043,
	0xF47C6153,0x4804FF75,0xFA72F002,0xBD082000,
	0x5000F000,0x003FE49D,0x003FE4BD,0x4C06B510,
	0x005B6963,0x2001D406,0xFC7EF40A,0xF0436963,
	0x61635380,0xBF00BD10,0x5000F000,0x4C06B510,
	0x005B6963,0x2001D406,0xFC6EF40A,0xF0436963,
	0x61635380,0xBD102001,0x5000F000,0xF002B508,
	0x4809F8ED,0xF864F480,0xF4804808,0x4808F861,
	0xF85EF480,0x1279F240,0x48074906,0xFEDAF47C,
	0x4008E8BD,0xB8F2F002,0x004032C6,0x004032CF,
	0x00403713,0x00404683,0x00403394,0xF04F2200,
	0xB51030FF,0x00934907,0x4360F103,0x4361F503,
	0x3201681C,0xF8412A10,0xF8C34B04,0xD1F20080,
	0xBF00BD10,0x20407EE4,0x4A052300,0xF8524905,
	0xF8410B04,0x33010023,0xD1F82B10,0xBF004770,
	0x20407EE4,0xE000E100,0x47702000,0x47704770,
	0x4B06B508,0x68182200,0xF47D2120,0xF04FFB4D,
	0x691322E0,0x0303F043,0xBD086113,0x20407F30,
	0x4FF7E92D,0x22E0F04F,0x25006913,0x0303F023,
	0xF04F6113,0xF44F7200,0x4B255400,0x90A4F8DF,
	0x4B24605A,0x601D460F,0xF8D94B23,0x6C5A6000,
	0x94014B22,0x4B22605A,0x07DB681B,0xF44FD50D,
	0xF8D67B7A,0xF8DAA044,0x45A08004,0xBB65DB14,
	0xDD1D45A0,0x8004F8CD,0x211FE01A,0xAA014630,
	0xFB12F47D,0x64B39B01,0xF8D94639,0xF0010000,
	0xB003FE35,0x8FF0E8BD,0x0008F8DA,0xFBA04622,
	0x17E3010B,0xFEBEF002,0xD80B4287,0x9401B105,
	0x9B016CB2,0xD0E7429A,0x4630211F,0xF47DAA01,
	0xE7E1FAF3,0x10642501,0x9401E7CF,0xBF00E7D0,
	0xE000ED00,0x20407D70,0x50040000,0x20407EB4,
	0x5004A000,0x20407F30,0xB5082901,0x2000D801,
	0xF434BD08,0xB908F83F,0xE7F92007,0xF858F434,
	0xD0F92800,0x6A1A4B02,0x421A69DB,0xE7F3D0EF,
	0x50040000,0x00004770,0x4B19B530,0xF3826C5A,
	0x6CDA8810,0x8811F382,0xF3826C9A,0x6D1A8813,
	0x8814F382,0xF3826D9A,0x6DDA8809,0x880BF382,
	0xF3826D5A,0x6E1A8808,0x880AF382,0x4A0D2101,
	0x6D9D6011,0x240FE9D3,0x8800F384,0x8400F384,
	0x8809F385,0xB4024611,0xC9014619,0x4608B401,
	0x1FFEE8B0,0xE004F8D0,0xBD00BC01,0xBF00BD30,
	0x20407F38,0xE000E100,0xF006B508,0xBD08F9D1,
	0x78184B01,0xBF004770,0x20407ED4,0x4C19B510,
	0xFF04F7FF,0x69E36A22,0xD003421A,0x4010E8BD,
	0xBF12F7FF,0xF0236AA3,0x62A30310,0x69E36A22,
	0xD004421A,0xF0436AA3,0x62A30310,0x4B0EE7EE,
	0xF40A6818,0x2201FAFF,0x601A4B0C,0xBF00BF30,
	0xBF00BF00,0xBF00BF00,0xBF00BF00,0xBF00BF00,
	0x6AA3BF00,0x0310F043,0x682362A3,0x0303F023,
	0xE7D36023,0x50040000,0x20407F24,0xE000E100,
	0xF7FFB538,0x4B26FECB,0xF417B13B,0xB120FEC1,
	0xFEDAF7FF,0x30FFF04F,0x4C22BD38,0x69E36A22,
	0xD1F5421A,0xF0236AA3,0x62A30310,0x69E36A25,
	0xD004401D,0xF0436AA3,0x62A30310,0x4629E7E8,
	0xF7FD2002,0xF006FF8E,0x2201F953,0x601A4B16,
	0xF0436C23,0x64230302,0x68184B14,0xFAACF40A,
	0xBF00BF30,0xBF00BF00,0xBF00BF00,0xBF00BF00,
	0xBF00BF00,0x6C23BF00,0x0302F023,0x6AA36423,
	0x0310F043,0x682362A3,0x0303F023,0xF0066023,
	0x4628F93B,0xFF64F7FD,0xFE6CF417,0xBF00E7B8,
	0x00016511,0x50040000,0xE000E100,0x20407F28,
	0x4C0FB510,0x069A69E3,0xF006D406,0x69E3F977,
	0xD40B069B,0xBD102000,0x2B004B0A,0xF000D0F5,
	0x2800FA75,0xF04FD0F1,0xE7F430FF,0x68234C06,
	0xD0EF2B00,0xFA6CF000,0x60232300,0xBF00E7EA,
	0x50040000,0x003FED3D,0x20407EDC,0x2100B508,
	0xF40A2002,0x2100FA1D,0xF40A2005,0x2100FA19,
	0xF40A2006,0xE8BDFA15,0x21004008,0xF40A2007,
	0x0000BA0F,0x4C19B513,0xB99B6823,0xF47D4818,
	0x6020FA2D,0xF44FB170,0x21035300,0xF47D9301,
	0x211FFB91,0xAA016820,0xF9A6F47D,0x68204911,
	0xFC62F47D,0x21FC2200,0xF002480F,0x2001FB2F,
	0xF002490E,0x490EFB6F,0xF0022000,0xF7FFFAE7,
	0x4B0CFFC5,0x6C5B4C0C,0xF48660A3,0x2301F8EF,
	0x200060E0,0xB0027023,0xBF00BD10,0x20407F30,
	0x00403316,0x003FE569,0x20404CE4,0x004046D4,
	0x004046C8,0x50040000,0x20407EB4,0x00004770,
	0x41F0E92D,0x4B34460C,0x60194D34,0x48346C6A,
	0xF47F3C02,0x2C03FE35,0xE8DFD805,0x4D56F004,
	0xF7FF020E,0x4B2DFFEB,0x6C59482E,0x4B2E6A1A,
	0xE8BD601A,0xF47F41F0,0x2009BE23,0xF8DCF482,
	0x68454604,0x0804F100,0xD1234545,0xFF58F7FF,
	0x4B264F22,0x46066C7A,0x619A4825,0xF9BEF47D,
	0xB1184605,0x21012204,0xF93EF47D,0x48216C3B,
	0x0301F023,0xF7FE643B,0xB91EF8D7,0xFCC6F001,
	0xFC86F001,0x45446864,0xF434D10C,0xF434F81F,
	0xE7C8F865,0x000CF1A5,0x21022204,0xF924F47D,
	0xE7D1682D,0x000CF1A4,0xD0034285,0x21012204,
	0xF91AF47D,0xE7E66824,0xFECAF7FF,0x4B0B6C6A,
	0x619A2800,0xE8BDDBAF,0xF7FF81F0,0x6C6AFE87,
	0x619A4B06,0xBF00E7A7,0x20407EE0,0x50040000,
	0x0040331D,0x0040332E,0x20407ED8,0x20407EB4,
	0x0040332A,0x50080000,0x4B25B538,0x2C00781C,
	0x689CD043,0x7A23EDDF,0xEE071B0C,0xEEB84A10,
	0xEE277A47,0xEEC77A27,0xED937A00,0xEE777A04,
	0xEEBC7A87,0xEE177AE7,0x68DC5A10,0x42A0442C,
	0xEDDFD108,0xEEF46A19,0xEEF17AE6,0xDC0EFA10,
	0xBD384620,0x2D001A25,0x2A01DA09,0x4604D007,
	0x7A12ED9F,0x7A12EDDF,0x320169DA,0xEEB861DA,
	0xEE777A47,0xEEB77AC7,0xEEF47A00,0xEEF17AC7,
	0xEDC3FA10,0xE9C37A04,0xD4E11402,0x12DCF640,
	0x48094908,0xFBFEF47C,0x4604E7DA,0xBF00E7D8,
	0x20407EB4,0x447A0000,0x476A6000,0x00000000,
	0x00000000,0x0040469A,0x00403338,0xED2DB570,
	0xF0018B02,0xEEB0FCAB,0x4B148A40,0x69994A14,
	0x42886C50,0xF44FD0FC,0x6C56717A,0x4D11685B,
	0xFBA31AF3,0xF0020101,0xEE07FBFF,0xEEC70A10,
	0xEEFC7A08,0xEDC57AE7,0xF4857A00,0x4604FFDF,
	0xEEB06828,0x22000A48,0x44204631,0xFF7CF7FF,
	0x60281B00,0x8B02ECBD,0xBF00BD70,0x20407EB4,
	0x50040000,0x20407D70,0x60D84B01,0xBF004770,
	0x20407EB4,0x00004770,0xB5382201,0xF8C34B10,
	0xF3BF2080,0xF3BF8F4F,0x4C0E8F6F,0x6823480E,
	0x0303F023,0x6A256023,0x2519F36F,0x4300F045,
	0x4B0A6263,0xF47F6819,0x6A20FD13,0x407CF020,
	0x00FFF020,0xF974F001,0xF7FF4628,0xBD38FFDB,
	0xE000E100,0x50040000,0x00403358,0x20407ED8,
	0xF001B508,0xF7FFFD83,0xE8BDFFCF,0xF0014008,
	0xF47FBD95,0xF47CBD7B,0xF47DBC79,0x0000BE45,
	0x4B054A04,0x3A01601A,0xB10A6812,0x4718681B,
	0xBF004770,0x004FA001,0x20407FA4,0x691A4B0B,
	0xD51203D2,0x4A0A6E19,0xF44F6011,0x61593180,
	0x680B4908,0x600B3301,0xF0136813,0xD0040F0D,
	0x490522B5,0xF47C4805,0x4770BB4D,0x50090000,
	0x20407FA0,0x20407F9C,0x004046DC,0x00403366,
	0xF001B510,0xF001FD43,0x4604FEA9,0xFC7EF417,
	0xF0014620,0xE8BDFEA7,0xF0014010,0xB510BD4F,
	0xFD34F001,0xFE9AF001,0xF4184604,0x4620FAD9,
	0xFE98F001,0x4010E8BD,0xBD40F001,0xF001B510,
	0xF001FD25,0x4604FE8B,0xF978F41B,0xFFB6F7FF,
	0xF0014620,0xE8BDFE87,0xF0014010,0x2200BD2F,
	0x4611B508,0xF40B2001,0x2001FAF1,0xFA90F40B,
	0x200F2200,0xF40B4611,0x200FFAE9,0xFA88F40B,
	0x200B2200,0xF40B4611,0xE8BDFAE1,0x200B4008,
	0xBA7EF40B,0x2001B507,0xFD04F000,0xFFDFF7FF,
	0x68184B19,0x0001F010,0xF47CD105,0xF7FEF88D,
	0xF47CF80F,0x2003F87D,0xF88AF47C,0xFF70F7FF,
	0xFB6AF000,0xFE8EF40C,0xF88D230B,0xF4853006,
	0xF890FD07,0xF88D3035,0xF4853007,0xF10DFD01,
	0x21020206,0xFA00F485,0xF4172000,0xF485FBC9,
	0x2102FCF7,0x0207F10D,0xF9F6F485,0xFD06F000,
	0xB0032000,0xFB04F85D,0x5004A000,0xBC68F417,
	0xF40CB508,0xF417FE67,0x2000FC43,0xFCC2F000,
	0x4008E8BD,0xBCF2F000,0x20004770,0x20004770,
	0x00004770,0x47704800,0x004047A0,0x41F3E92D,
	0x4616460D,0x46074698,0xF240B928,0x491A22C5,
	0xF47C481A,0xB92DFA97,0x22C6F240,0x48184916,
	0xFA90F47C,0x230A4C17,0x4639462A,0xE9C46820,
	0xE9C46801,0xF4337503,0x4285FE8F,0x6160D911,
	0xB9486AE0,0x46022304,0x490F9300,0x480F2332,
	0xFF20F485,0xB16062E0,0xE8BDB002,0xF48641F0,
	0xB136B82F,0x46332100,0xB00268A0,0x41F0E8BD,
	0xB0024718,0x81F0E8BD,0x00404777,0x0040337D,
	0x0040338C,0x20407FA8,0x003FEF9D,0x00403396,
	0x4C1DB570,0x68234606,0x4283460D,0xF240D005,
	0x491A3203,0xF47C481A,0x6A21FA4D,0xE9D4B1B1,
	0x42AA2309,0xD8134419,0xF4334630,0x6A63FDC9,
	0xD0054283,0x7245F44F,0x48124910,0xFA3AF47C,
	0x69A32100,0xB10B6221,0x479869E0,0xBD702000,
	0x4630462A,0xFDB4F433,0xD0054285,0x7248F44F,
	0x48094906,0xFA26F47C,0x1B5B6A63,0x6AA36263,
	0x62A3442B,0xBF00E7EA,0x20407FA8,0x00404715,
	0x0040339D,0x004033B5,0x004033CE,0x47F0E92D,
	0x4616460C,0xF04F4698,0x46070A00,0xF240B928,
	0x491F227B,0xF47C481F,0xB92CFA05,0x721FF44F,
	0x481D491B,0xF9FEF47C,0xF240B92E,0x4918227D,
	0xF47C481A,0xF001F9F7,0x4D19FD61,0x46224681,
	0x68284639,0xFD74F433,0xD01C4284,0xF04FD914,
	0x1A240A00,0x6806E9C5,0x4009E9C5,0x4648622F,
	0xFD50F001,0x0F00F1BA,0xB17ED010,0x46334640,
	0x47F0E8BD,0x47182100,0x2299F240,0x48094904,
	0xF9D0F47C,0xF04FE7EB,0xE7E80A01,0x87F0E8BD,
	0x0040476D,0x0040337D,0x0040338C,0x004033DA,
	0x20407FA8,0x00403394,0x4812B510,0xFEE6F47C,
	0x60204C11,0xF240B1D8,0x8AC32203,0x1103F240,
	0x7F00F413,0x4611BF18,0xBF4C051B,0x6100F441,
	0x6180F441,0xF83EF47D,0xF640B128,0x49070277,
	0xF47C4807,0x4907F99F,0xF47D6820,0x4806F927,
	0xBF00BD10,0x004033EB,0x20407FDC,0x00404746,
	0x004033F1,0x003FF051,0x004047C0,0x4C0FB570,
	0xE9D4230A,0x68E05104,0x462A1A6D,0x68204401,
	0xFD8AF433,0xD9084285,0x44036963,0x61636AE0,
	0xE8BDB150,0xF4854070,0x6863BF33,0x68A0B123,
	0xE8BD2100,0x47184070,0xBF00BD70,0x20407FA8,
	0xF44F2300,0xB5107200,0x4C11B088,0x3004F88D,
	0x93079205,0x4B104A0F,0x2203E9CD,0x4A0F9306,
	0x3030F894,0xB9839202,0xF433A801,0x6020FBFD,
	0xF640B928,0x490A02AA,0xF47C480A,0x6820F94B,
	0xFC56F433,0xF8842301,0x48073030,0xBD10B008,
	0x20407FA8,0x204DBC00,0x003FEE01,0x2A1FFE00,
	0x00404721,0x00403402,0x004047B0,0x00004770,
	0x4C0EB538,0x6823460D,0xD0054283,0x7212F44F,
	0x480C490B,0xF926F47C,0x429D68E3,0xF240D005,
	0x49072249,0xF47C4808,0x6863F91D,0x2100B123,
	0x479868A0,0x60632300,0xBD382000,0x20407FDC,
	0x00404735,0x00403430,0x00403443,0x47702001,
	0x47702001,0x47702001,0x47702000,0x47702000,
	0x47704770,0x00004770,0x47F0E92D,0x9020F8DD,
	0x4615460F,0xF04F461E,0x46040A00,0xF240B928,
	0x492412D9,0xF47C4824,0xB92FF8ED,0x72EDF44F,
	0x48224920,0xF8E6F47C,0xF240B92D,0x491D12DB,
	0xF47C481F,0xB92EF8DF,0x72EEF44F,0x481D4919,
	0xF8D8F47C,0xB9336823,0x4648B1FE,0xE8BD4633,
	0x210047F0,0xF0014718,0x462BFC39,0x463A4680,
	0x68202100,0xFFF0F47C,0xD0174285,0xF04FD90F,
	0x1A2D0A00,0x6906E9C4,0x5009E9C4,0x46406227,
	0xFC28F001,0x0F00F1BA,0xE8BDD1DE,0xF24087F0,
	0x490412F7,0xF47C4808,0xE7F0F8AD,0x0A01F04F,
	0xBF00E7ED,0x00404763,0x00403459,0x0040337D,
	0x0040338C,0x004033DA,0x00403394,0x9300B507,
	0x460A4613,0x48034601,0xFF96F7FF,0xF85DB003,
	0xBF00FB04,0x20407FDC,0x41F0E92D,0x8018F8DD,
	0x4616460F,0x4604461D,0xF240B928,0x49172206,
	0xF47C4817,0xB92EF87F,0x7202F44F,0x48154913,
	0xF878F47C,0xB9296821,0x4640B1F5,0xE8BD462B,
	0x471841F0,0x5801E9C4,0x7603E9C4,0x8018F8B1,
	0xF028463A,0x830B0340,0x46336820,0xF47D2100,
	0x6823F841,0x8018F8A3,0x8B196823,0x6100F411,
	0xB10DD102,0xE7E168A0,0x81F0E8BD,0x00404758,
	0x00403459,0x0040338C,0x9300B507,0x460A4613,
	0x48034601,0xFFB8F7FF,0xF85DB003,0xBF00FB04,
	0x20407FDC,0x4604B510,0x2801B148,0xF44FD005,
	0x4904620E,0xF47C4804,0x4620F835,0x2402BD10,
	0xBF00E7FB,0x00404708,0x00403394,0x41F0E92D,
	0x46164604,0x4608461D,0x8018F8BD,0x701CF8BD,
	0x8321B151,0xFCA5F7FF,0xB9286020,0x2203F640,
	0x48234922,0xF816F47C,0x4630B15E,0xF7FF83A6,
	0x60A0FC98,0xF640B928,0x491C220A,0xF47C481D,
	0xB15DF809,0x83654628,0xFC8BF7FF,0xB9286060,
	0x2211F640,0x48184915,0xFFFCF47B,0x0F00F1B8,
	0x4640D00C,0x801EF8A4,0xFC7BF7FF,0xB92860E0,
	0x2218F640,0x4811490D,0xFFECF47B,0x4638B15F,
	0xF7FF8427,0x6120FC6E,0xF44FB928,0x49076222,
	0xF47B480B,0xF99DFFDF,0xF8843020,0x9B093024,
	0xF8BD6163,0x84633028,0x81F0E8BD,0x004046F9,
	0x00403465,0x00403475,0x00403485,0x00403495,
	0x004034A4,0xB091B500,0x21002228,0xF001A806,
	0xF44FFE5F,0x4B0C7200,0xE9CD2106,0xF44F3203,
	0xE9CD5380,0xF44F3101,0x22807327,0x51EBF44F,
	0xA8069300,0x7390F642,0xFF80F7FF,0xF417A806,
	0xB011F92D,0xFB04F85D,0x204FFD00,0x2000B538,
	0xFF60F7FF,0xF8554D11,0x47983020,0xB9284604,
	0x2253F640,0x480F490E,0xFF94F47B,0x46202100,
	0xFD48F47B,0xF7FF2001,0xF855FF4D,0x47983020,
	0xB9284604,0x225AF640,0x48064905,0xFF82F47B,
	0xE8BD4620,0x21014038,0xBD34F47B,0x00404784,
	0x004046ED,0x004034B4,0xF7FFB508,0xF7FFFFAB,
	0xBD08FFCD,0xF8D34B0C,0xF04220A0,0xF8C30201,
	0xF8D320A0,0xF36F20B0,0xF8C32293,0xF8D320B0,
	0xF42220B4,0xF8C3627C,0xF8D320B4,0xF44220B4,
	0xF8C36280,0x477020B4,0x50084000,0x4C09B510,
	0xB9286820,0xF982F40C,0xFBB04B07,0x6020F0F3,
	0x13ABF642,0xF44F4358,0xFBB0737A,0xB280F0F3,
	0xBF00BD10,0x2040800C,0x000F4240,0xF8D34B20,
	0xF01220D8,0xD03A000F,0x10B0F8D3,0xF4213001,
	0xF8C35170,0xF8D310B0,0xEA4110B0,0xF8C32180,
	0xF8D310B0,0xF3C210B0,0xF4211001,0xF8C34140,
	0xF8D310B0,0xF3C210B0,0xEA411283,0xF8C33180,
	0xF8D310B0,0xF42110B0,0xF8C32170,0xF8D310B0,
	0xEA4110B0,0xF8C34202,0xF8D320B0,0xF42220B4,
	0xF8C3627C,0xF8D320B4,0xF44220B4,0xF8C36280,
	0xF8D320B4,0xF02220A0,0xF8C30201,0x477020A0,
	0x50084000,0x251CB5F8,0x4E114345,0x19744F11,
	0x4D115177,0x5C2D75A1,0x75254810,0x0085EB00,
	0x200060A0,0x60E074A2,0x822374E0,0x4B0C2202,
	0x4620605A,0xFBB2F7FE,0x22B6B120,0x480A4909,
	0xFED8F47B,0xE8BD4620,0x210140F8,0xBBBAF7FE,
	0x20408010,0x5001B000,0x004047F8,0x5001B090,
	0xE000E100,0x004047ED,0x004034B7,0xF8D34B07,
	0xF3C2209C,0x0512030B,0xF483BF44,0xF083637F,
	0xB113030F,0x68124A02,0x47706013,0x50084000,
	0x20404D10,0x4B1AB510,0xF001681C,0x07A1F8AF,
	0x4818D504,0xFBC5F7FE,0xFF68F7FF,0xD5040762,
	0xF7FE4815,0xF7FFFBBE,0x06E3FF61,0x4813D504,
	0xFBB7F7FE,0xFF26F7FF,0xD50406A0,0xF7FE4810,
	0xF7FFFBB0,0x0661FF1F,0x480ED502,0xFBA9F7FE,
	0xD5020622,0xF7FE480C,0x07E3FBA4,0x480BD504,
	0xFB9FF7FE,0xFFBAF7FF,0x4010E8BD,0xB896F001,
	0x5001B000,0x20408010,0x2040802C,0x20408048,
	0x20408064,0x20408080,0x2040809C,0x204080B8,
	0x251CB5F8,0x46174345,0x4A124E11,0x51721974,
	0x75A14A11,0x20055C12,0x4A107522,0x681274E0,
	0x60A22021,0x46112200,0x74A760E2,0xF40A8223,
	0x4620FE35,0xFB22F7FE,0x22F5B120,0x48094908,
	0xFE48F47B,0xE8BD4620,0x210140F8,0xBB2AF7FE,
	0x20408010,0x5001B000,0x004047F8,0x20404D10,
	0x004047DF,0x004034B7,0x4604B5F8,0x4360201C,
	0x4F194E18,0x50371835,0x4F194818,0x75A95D00,
	0x1F207528,0x7020F857,0x60AF74AA,0x822B4F15,
	0x0020F857,0x200560E8,0x220274E8,0x605A4B12,
	0xF7FE4628,0xB128FAEB,0x1211F240,0x4810490F,
	0xFE10F47B,0x46282101,0xFAF4F7FE,0x435C231C,
	0x7D101932,0x59312201,0x688B4082,0x0302EA23,
	0xBDF8608B,0x20408010,0x5001B000,0x004047F8,
	0x20404D08,0x20404D00,0xE000E100,0x004047D0,
	0x004034B7,0x2038B510,0xFCACF7FE,0xFE96F7FF,
	0x46032200,0x4610212E,0xFEECF7FF,0xFE8EF7FF,
	0x46032200,0x2001212F,0xFEE4F7FF,0x22012300,
	0x2002212E,0xFEDEF7FF,0x22012300,0x2003212F,
	0xFED8F7FF,0x21552300,0x2004461A,0xFF94F7FF,
	0x22012300,0x20052155,0xFF8EF7FF,0x4010E8BD,
	0x21692300,0x2006461A,0xBF52F7FF,0x6280F04F,
	0xF8C34B0B,0xF8D32554,0xF0422558,0xF44262C0,
	0xF8C33240,0xF8D32558,0xF0422550,0xF8C30201,
	0xF8D32550,0xF0422950,0xF8C30201,0x47702950,
	0x50090000,0x00004770,0x4FF8E92D,0x8028F8DD,
	0x469A460E,0xF0014614,0x270CF901,0x23004605,
	0x90C8F8DF,0xB0C8F8DF,0x1000F8B9,0xDC354299,
	0xD1052920,0x12B1F240,0x48294928,0xFD82F47B,
	0xF8B9230C,0x437B7000,0x3003F93B,0xD0053301,
	0x12B3F240,0x48234921,0xFD74F47B,0x435F230C,
	0x0207EB0B,0x6007F82B,0xF3C48853,0xF36F040D,
	0x2E9F030E,0x0403EA44,0x3000F8B9,0xA004F8C2,
	0xF8C28054,0xBFC88008,0xF1034A17,0xF8A90301,
	0xBFC23000,0x33018813,0xE0148013,0xF003FB07,
	0x0200EB0B,0x0000F93B,0xD00142B0,0xE7BD3301,
	0x45536853,0x8853D10C,0x030DF3C3,0xD10742A3,
	0x45436893,0x4628D104,0xF8ACF001,0xE0032000,
	0xF0014628,0x2007F8A7,0x8FF8E8BD,0x0040481D,
	0x004034C0,0x004034E4,0x204080FC,0x204080FE,
	0x204EC124,0xF001B5F8,0x2600F891,0x4C0E4605,
	0x883B4F0E,0xD80442B3,0xE8BD4628,0xF00140F8,
	0x78E3B889,0xD50B065B,0x3000F9B4,0xDD072B5F,
	0x22002023,0xF40A2105,0x2023FCF1,0xFC90F40A,
	0x3601340C,0xBF00E7E5,0x204EC124,0x204080FE,
	0x460CB5F8,0xF86AF001,0x46052100,0x4E1D220C,
	0x88334F1D,0xDC04428B,0xF0014628,0x2000F863,
	0xFB02BDF8,0xEB00F001,0x5E380C07,0xD00142A0,
	0xE7EF3101,0x428B3B01,0xFB02BF1E,0xCA077203,
	0x0007E88C,0x4353220C,0x18F958FA,0x4200F002,
	0x4212EA6F,0x4202EA6F,0x230050FA,0xE9C12C9F,
	0xDD0B3301,0x88234C09,0xF44FB92B,0x490872F2,
	0xF47B4808,0x8823FCC7,0x80233B01,0x3B018833,
	0xE7C98033,0x204080FE,0x204EC124,0x204080FC,
	0x00404832,0x004034F4,0x47FFE92D,0x4614460E,
	0xF0002800,0x6BC380D2,0xF0002B00,0x295F80CE,
	0x2500DC19,0x81CCF8DF,0x2C019101,0x8096F040,
	0xF80CF001,0x0A00F04F,0x200C4607,0xF8DF4B60,
	0x881991AC,0xDB1D458A,0xF0014638,0x2006F803,
	0xE8BDB004,0x299F87F0,0xF1A1DC06,0x25000360,
	0x8194F8DF,0xE7E09301,0x0560F101,0x2D05B2ED,
	0xF240D905,0x4953220E,0xF47B4853,0xF04FFC7B,
	0xE7D20800,0xF30AFB00,0x0209EB03,0x3003F939,
	0xD002429E,0x0A01F10A,0x8853E7D4,0xF3C32200,
	0x2B04030D,0xE8DFD808,0x2403F003,0x002E2B28,
	0x93032302,0x93024B45,0x0F00F1B8,0x4640D026,
	0xF405A901,0x2E5FF82D,0x2023DD07,0x21052200,
	0xFC34F40A,0xF40A2023,0x230CFBD3,0x930AFB03,
	0xF04278DA,0x70DA0240,0xF0004638,0x2000FFB3,
	0x2301E7AE,0x4B369303,0x4B36E7DD,0xE7DA9203,
	0x92034B35,0x4B35E7D7,0xE7D49203,0xF0044628,
	0x1E04FFA5,0xF240DA05,0x492A2256,0xF47B4830,
	0x4B30FC29,0x0201F004,0x230C555A,0xFB032201,
	0xF899990A,0x01E43003,0x033FF003,0x0440F044,
	0x4B29431C,0x555A2105,0x22002023,0x4003F889,
	0xFBF4F40A,0xF40A2023,0xE7C5FB93,0xF000BB54,
	0x4622FF75,0x240C4607,0xF8B34B15,0x4B1FC000,
	0xDB074562,0x0F00F1B8,0x4640D011,0xF4049901,
	0xE7B1FEE7,0xF002FB04,0x5E1818C1,0xD0014286,
	0xE7ED3201,0xF02378CB,0x70CB0340,0x2201E7EA,
	0x49134B11,0x8005F803,0x40AA680B,0x0302EA23,
	0xE799600B,0x0005F06F,0x2001E74A,0xBF00E748,
	0x204080FE,0x00404848,0x0040350C,0x10110000,
	0x10210000,0x10310000,0x10410000,0x10510000,
	0x00403523,0x204080F6,0x204080F0,0x204EC124,
	0x204080EC,0x40080000,0x50080000,0xB138B510,
	0xB1CC6BC4,0xDC05295F,0xB289480C,0xFFFCF404,
	0xE0114604,0xDC03299F,0x48093960,0xE7F5B289,
	0xB2C83160,0xFF1AF004,0xDA051E04,0x72A0F44F,
	0x48054904,0xFB9EF47B,0xBD104620,0x40080000,
	0x50080000,0x0040480E,0x00403532,0xB1A0460B,
	0xB1916BC1,0xB2D22B5F,0x4808DC03,0xF405B299,
	0x2B9FB873,0x3B60DC03,0xB2994805,0xF103E7F7,
	0x46110060,0xF004B2C0,0x4770BEFD,0x40080000,
	0x50080000,0x460CB530,0xB358B085,0xB34B6BC3,
	0xBFD4295F,0xF1A1460B,0x93010360,0x0101F04F,
	0x0300F04F,0x481EBFD8,0x1302E9CD,0x481DBFC8,
	0xD8192A04,0xF002E8DF,0x0B080331,0x9302000F,
	0x2C9F2100,0xE00ADC13,0x3102E9CD,0x9302E7F8,
	0x93032302,0x2311E7F4,0x93022C9F,0xA901DC15,
	0xFF1EF404,0xBD30B005,0xDDF82C9F,0xF1042100,
	0xB2C00060,0xFE9CF004,0xD0F32800,0x72C6F44F,
	0x480A4909,0xFB36F47B,0x4907E7EC,0x72C5F44F,
	0xF47B4807,0x2101FB2F,0x2101E7E9,0xBF00E7D1,
	0x40080000,0x50080000,0x004047FF,0x00403558,
	0x0040353D,0x4FF8E92D,0x881B4B49,0xF0002B00,
	0xF000808D,0x2600FE83,0x46B14680,0xF8DF4D45,
	0x4F45A13C,0x3000F8BA,0xD809454B,0xF0004640,
	0x2E00FE79,0xE8BDD07A,0x20234FF8,0xBAD8F40A,
	0x2B00686B,0xF9B5D057,0x2C9F4000,0x78EBDD53,
	0xD5500659,0xB2E43460,0xD9042C05,0x493722A6,
	0xF47B4837,0x4620FAEF,0xFE60F004,0x0B00F1B0,
	0x22A8DA04,0x48334931,0xFAE4F47B,0xF3C3886B,
	0x2B04030D,0xE8DFD850,0x3A03F003,0x004B4640,
	0x2B005D3B,0xF1BBBF08,0xBF0C0F01,0x23002301,
	0xF36B78EA,0x70EA12C7,0xB004F807,0x4621B31B,
	0xF4094825,0x2800F82B,0x2301DB06,0x4A233008,
	0xF0434083,0x62534300,0xD9042C1F,0x491B22DD,
	0xF47B481F,0x2301FAB7,0x40A34A1E,0x2E1F6811,
	0x0301EA43,0xD9046013,0x491422DF,0xF47B481A,
	0x3601FAA9,0xF109B2F6,0x350C0901,0x5D3BE792,
	0xBF082B01,0x0F00F1BB,0x5D3BE7C7,0x030BEBB3,
	0x2301BF18,0xF10BE7C4,0x425332FF,0xE7BF4153,
	0xF38BFABB,0xE7BB095B,0xE7B92300,0x8FF8E8BD,
	0x204080FC,0x204EC124,0x204080F6,0x00404877,
	0x0040350C,0x00403569,0x5004B0B4,0x50040000,
	0x00403572,0x204080EC,0x0040357F,0x204080FE,
	0xE92D4B24,0x429841F0,0x460E4607,0xF103D01B,
	0x42985380,0xF101D10A,0x25000860,0x4B1E220C,
	0x881B4C1E,0xDC1042AB,0x81F0E8BD,0x42984B1C,
	0xF101D102,0xE7F008A0,0x722BF44F,0x481A4919,
	0xFA50F47B,0x4688E7E9,0xFB02E7E7,0x5E61F105,
	0xD0014541,0xE7E53501,0x429F4B11,0xB2F0D111,
	0xFDB4F004,0xDA051E06,0x722EF44F,0x480F490D,
	0xFA38F47B,0xFB03230C,0x78DA4305,0x12C7F366,
	0x230C70DA,0x4405FB03,0x3001E9D4,0x41F0E8BD,
	0xBF004718,0x40080000,0x204080FE,0x204EC124,
	0x5004B0B4,0x0040486B,0x00403394,0x00403569,
	0x4605B538,0xFD82F000,0xB1154604,0xF40A2023,
	0x4620F9E7,0x4038E8BD,0xBD7CF000,0x49034A02,
	0xF47C4803,0xBF00B901,0x40080000,0x00404888,
	0x0040332A,0x43F8E92D,0x460E4605,0xFD66F000,
	0x4A144C13,0x1AA96823,0x804CF8DF,0x414A424A,
	0x03C3EB08,0x6823809A,0xEB084607,0x80DE03C3,
	0x9000F8D4,0xFA6CF000,0x0039F848,0x46286823,
	0x2B013301,0x2300BF8C,0x46316823,0x3301BF98,
	0xF7FF6023,0x4638FF65,0x43F8E8BD,0xBD42F000,
	0x204080D4,0x40080000,0x204080D8,0x41F3E92D,
	0xFD34F000,0x46072500,0xF8DF4B36,0x6A1E80F0,
	0x447CF026,0x04FFF024,0x4200F044,0x2611F3C6,
	0x0D24625A,0x07E1B1AC,0xF818D50E,0xB15B3005,
	0xF004B2E8,0x2201FD23,0x492C4B2B,0x680B5558,
	0xEA2340AA,0x600B0302,0x2D063501,0x0454EA4F,
	0x4638D1E8,0xFD0EF000,0xB3662500,0xD52507F2,
	0x4620B2EC,0x0105F10D,0xFE30F7FC,0xF89DB9F0,
	0x2B013005,0x4620D91A,0x0106F10D,0xFEE0F408,
	0xB9584604,0x320EF240,0x481A4919,0xF982F47B,
	0xF8BD4620,0xF7FC1006,0xE002FDE7,0x42984B16,
	0x4620D1F6,0x1006F8BD,0xFF74F7FF,0x2D123501,
	0x0656EA4F,0x2400D1D1,0xFCD8F000,0x681D4B0B,
	0xF000601C,0xB155FCD7,0xD50307EB,0xB2A1480A,
	0xFF60F7FF,0x2C063401,0x0555EA4F,0xB002D1F3,
	0x81F0E8BD,0x50040000,0x204080F6,0x204080EC,
	0x0040485D,0x004035A3,0x5004B0B4,0x204080F0,
	0xF000B570,0x4A12FB4B,0x33016813,0xF7FF6013,
	0x4B10FF75,0x069B6A9B,0x480FD415,0xFD74F7FC,
	0x230CE00D,0x5EF14363,0xB2893960,0xD802293F,
	0xF7FC4809,0x3401FD29,0x42A3882B,0xE8BDD8F1,
	0xF0004070,0x2400BB43,0x4E054D04,0xBF00E7F4,
	0x204080E8,0x50040000,0x50080000,0x204080FE,
	0x204EC124,0x4606B570,0xF240B928,0x4942125F,
	0xF47B4842,0x6BF4F90F,0xF44FB92C,0x493E72B1,
	0xF47B483F,0x6823F907,0x069269DA,0x681AD508,
	0xD5050695,0x46302101,0x4070E8BD,0xBA0AF47D,
	0x211CF894,0x69DAB1FA,0xD51C06D0,0x06D1681A,
	0x2210D519,0xF000621A,0x6FE3FC59,0x685B6CB2,
	0x50C8F8D4,0x228FF3C2,0x429D1AD3,0x1B52BF86,
	0x1B5D18D5,0x30C8F8C4,0xFC4CF000,0x0229B1D5,
	0x0103F041,0xF894E7D7,0xB1A2211D,0x065269DA,
	0x681AD511,0xD50E0655,0x621A2240,0x21042320,
	0x3071F884,0xF47D4630,0x6822F9D5,0xF0236813,
	0x60130340,0x69DABD70,0xBF440710,0x621A2208,
	0x69DA6823,0xBF440751,0x621A2204,0x69DA6823,
	0xBF440792,0x621A2202,0x69DA6823,0xBF4407D6,
	0x621A2201,0x69DA6823,0xBF440555,0x6280F44F,
	0x6823621A,0x061069DA,0x2280BF44,0x6823621A,
	0x065169DA,0x2240BF44,0x6823621A,0x069269DA,
	0x2220BF44,0xE7CD621A,0x004048A8,0x004035A8,
	0x004035BA,0xF000B508,0x4803FA89,0xFF6AF7FF,
	0x4008E8BD,0xBA9AF000,0x20408220,0xF000B508,
	0x4803FA7D,0xFC00F7FC,0x4008E8BD,0xBA8EF000,
	0x2040817C,0xB5082201,0x49064B05,0x211CF883,
	0x48034B05,0x4B0560CB,0xFC48F47D,0xBF00BD08,
	0x20408100,0x20404D28,0x20404D14,0x000F4240,
	0xF000B508,0x4803FA5B,0xFD0CF7FC,0x4008E8BD,
	0xBA6CF000,0x20404DA4,0x68014B04,0x42916E9A,
	0x4618D102,0xBE20F47B,0xBF004770,0x20404D3C,
	0x4D0CB538,0x480C2100,0xFFD0F415,0x46282101,
	0xF816F416,0xF7FE4604,0xB148FA5B,0x009CF995,
	0x21032200,0xF812F40A,0x009CF995,0xFFB0F409,
	0xBD384620,0x20404D3C,0x20408274,0xF44FB410,
	0xE9D0747A,0x43592311,0xF1F4FBB1,0x42916892,
	0x4611BF28,0xF3F3FBB1,0x3A90EE07,0xEEF82201,
	0x23007AE7,0x2215E9C0,0x7A14EDC0,0xF85D64C3,
	0x6BC04B04,0xBDB3F408,0xBFDEF7FB,0x781B4B03,
	0xF000FA43,0x0001F000,0xBF004770,0x20408275,
	0x4D16B5F7,0xBB34782C,0x466F4B15,0x6818889A,
	0xF8AD799B,0xF88D2004,0x90003006,0xF886F7FC,
	0x4B102201,0x70284E10,0xB2E2701A,0xF7FF4610,
	0xB140FFDD,0xF88D3231,0x23002005,0x46392201,
	0xF4824630,0x3401F949,0xF1062C05,0xD1EC0620,
	0x4B062201,0x7828701A,0xBDF0B003,0x20408275,
	0x004035CA,0x20404DE0,0x20408278,0x20408274,
	0xF7FFB508,0x2000FFC5,0x0000BD08,0x2400B538,
	0xB2E04D08,0xFFB2F7FF,0x4628B110,0xF8E2F482,
	0x2C053401,0x0520F105,0x2000D1F3,0x70184B02,
	0xBF00BD38,0x20408278,0x20408275,0x6AC2B510,
	0x3A046A81,0x440A4604,0xE9D04B05,0xF0000108,
	0x61E0FAD7,0xE8BD6AA1,0xF0004010,0xBF00B9D7,
	0x00084375,0x2000B508,0xF9C0F40B,0x737AF44F,
	0xF0F3FBB0,0xFE9CF40C,0xF40C2004,0xE8BDFE8D,
	0x22004008,0x30FFF04F,0xF4094611,0x0000BF5F,
	0x78134A10,0xD1052BFF,0x681B4B0F,0xF00343DB,
	0x70130301,0x6C504A0D,0x4B0DB14B,0xB91B681B,
	0xFBB0230A,0x4770F0F3,0x881B4B0A,0xF44FE7F9,
	0xF3C0727A,0x0BC0030E,0x43504353,0x30D3EB00,
	0xBF004770,0x20404DE1,0x5004A000,0x50040000,
	0x2040831C,0x20408318,0x9001B507,0xB9139B01,
	0xF85DB003,0xF44FFB04,0xF7FC707A,0x9B01FA93,
	0x93013B01,0x2000E7F2,0x00004770,0xED2DB508,
	0x4B108B02,0x07DB681B,0xF7FCD415,0xB1A8FC49,
	0x0A90EE07,0x7A0CED9F,0x7A67EEF8,0x8A27EE87,
	0xFC4CF7FC,0x0A10EE00,0x0AC0EEB8,0x0A08EE20,
	0x8B02ECBD,0xED9FBD08,0xE7F90A05,0x0A04ED9F,
	0xBF00E7F6,0x5004A000,0x4C371B00,0x47000000,
	0x46179000,0x4D18B570,0xF910F000,0xF0206A28,
	0xF020407C,0xB10800FF,0xFCEAF7FF,0xFBE2F7FF,
	0xFA48F7FC,0xFB12F484,0x46046AAB,0xD405069B,
	0xFB14F484,0x4070E8BD,0xB910F000,0x1C466C6D,
	0xFFB4F7FF,0x46292201,0xF7FE4630,0x4284FAA5,
	0x4286D0F0,0xF484D0EC,0xF484FB01,0x1CA0FAFF,
	0xFB2AF7FE,0xBF00E7E6,0x50040000,0x00004770,
	0xF7FFB508,0xF7FCFFFB,0x480BFA04,0xF8B0F484,
	0xFE42F7FB,0xFF3EF7FF,0x48094908,0xFC06F483,
	0xFCBCF7FF,0xFE56F7FF,0xF47B4806,0xE8BDF8DD,
	0xF0004008,0xBF00B811,0x0040036D,0x204DBC00,
	0x20408618,0x004033EB,0x47702000,0x47702000,
	0x47702000,0x47702000,0x4C04B538,0x42AC4D04,
	0xBD38D300,0x3B04F854,0xE7F84798,0x00404C64,
	0x00404C70,0x4C05B538,0x42AC4D05,0xBD38D300,
	0x3B04F854,0xD0F82B00,0xE7F64798,0x00404C70,
	0x00404C90,0xB507230B,0x3006F88D,0xF8B8F484,
	0x3035F890,0x3007F88D,0xF8B2F484,0x0206F10D,
	0xF4832102,0xF7FFFDB1,0xF484FFDD,0x2102F8A9,
	0x0207F10D,0xFDA8F483,0xFE24F7FB,0xF85DB003,
	0x4770FB04,0x2214230A,0x490BB513,0x3200E9CD,
	0xF44F480A,0x22006300,0xFDDEF483,0xB9284604,
	0x72B3F44F,0x48074906,0xFE5CF47A,0xB0024620,
	0x4010E8BD,0xB922F484,0x00400595,0x004035D1,
	0x004048B1,0x004035D6,0xF000B508,0xF7FEF9B7,
	0xF7FFF831,0xF7FEFF6D,0xB908F86B,0xFF20F482,
	0xFD24F483,0xFCF4F483,0xFFCCF7FF,0xFD44F483,
	0xF81EF000,0xFD02F483,0xBD082000,0xF7FFB508,
	0xF7FFFFC0,0x2000FFE1,0x0000BD08,0x2400B538,
	0xF8554D06,0xB1033B04,0x34014798,0xD1F82C04,
	0xFF1AF483,0xFAFAF000,0xBF00E7F1,0x204EDEA8,
	0x231FB51F,0xE9CD2220,0xF44F3202,0x93017300,
	0x4A074B06,0x49079300,0x48072300,0xFFACF483,
	0xB0054805,0xEB04F85D,0xB8D0F484,0x20408320,
	0x0040065D,0x004035E5,0x20408520,0xF000B510,
	0x4A08F965,0x78134604,0xB2DB3301,0xF0007013,
	0x4B05FC81,0xB103681B,0x46204798,0x4010E8BD,
	0xB958F000,0x204EC3B0,0x204085A8,0xF000B538,
	0x4D0BF94D,0x782B4604,0x2262B923,0x480A4909,
	0xFDD8F47A,0x3B01782B,0x702BB2DB,0x681B4B07,
	0x4798B103,0xE8BD4620,0xF0004038,0xBF00B93B,
	0x204EC3B0,0x004048C5,0x004035EB,0x204085A4,
	0x78184B01,0xBF004770,0x204EC3B0,0x00004770,
	0x2300B5F8,0xF1004604,0x1D01052C,0xF8C0485C,
	0xF3BF3084,0xF6438F4F,0xF8D077E0,0xF3C33080,
	0xF3C306C9,0x015B334E,0xEA034632,0xEA4E0E07,
	0x3A017C82,0xC26CF8C0,0x3B20D2F9,0x0F20F113,
	0xF3BFD1F2,0xF3BF8F4F,0x22488F6F,0xF000484D,
	0x6823FC7D,0x06D86CA1,0xBF4C4A4B,0x034CF104,
	0x0394F104,0x60130589,0x3304BF44,0x22056013,
	0x701A4B46,0x22E0F04F,0xF8D24B45,0x60191D28,
	0x1D2CF8D2,0xF8D26059,0x60991D34,0x1D38F8D2,
	0xF8D260D9,0x611A2D24,0x681B4B3E,0xD14B2B00,
	0xF104483D,0xF47D0194,0x6CA1FEE3,0xF47D483B,
	0x6AE1FEDF,0xF47D483A,0x6B21FEDB,0xF47D4839,
	0x6B61FED7,0xF47D4838,0x6BA1FED3,0xF47D4837,
	0x68E1FECF,0xF47D4836,0x6921FECB,0xF47D4835,
	0x6961FEC7,0xF47D4834,0x69A1FEC3,0xF47D4833,
	0x69E1FEBF,0xF47D4832,0x6A21FEBB,0xF47D4831,
	0x6A61FEB7,0xF47D4830,0x6AA1FEB3,0xF47D482F,
	0x6BE1FEAF,0xF47D482E,0x6C21FEAB,0xF47D482D,
	0x6C61FEA7,0xF47D482C,0x6823FEA3,0xD408075A,
	0xF47D482A,0xE00AFE9D,0x47984628,0xD1AF2800,
	0xF483BDF8,0x4601FF45,0xF47D4825,0x4825FE91,
	0xFE8EF47D,0x8109F3EF,0x8208F3EF,0xF47D4822,
	0xF482FE87,0x6823FD51,0xD40206DB,0xF47D481F,
	0xF408FE7F,0xE8BDF91F,0x200140F8,0xBA74F408,
	0xE000ED00,0x204085C8,0x204085C4,0x204085C0,
	0x204085AC,0x20408610,0x00403601,0x0040360E,
	0x0040361B,0x00403628,0x00403635,0x00403642,
	0x0040364F,0x0040365C,0x00403669,0x00403676,
	0x00403683,0x00403690,0x0040369D,0x004036AA,
	0x004036B7,0x004036C4,0x004036D1,0x004036FB,
	0x004036DE,0x00403715,0x0040372C,0x00403742,
	0xF0223204,0xB5700207,0xF1A24604,0x46050048,
	0xF8454E0A,0x42AA6B04,0xF842D1FB,0x21001C20,
	0x3403E942,0x7380F04F,0x1107E942,0x1105E942,
	0x1112E942,0x3C04F842,0xBF00BD70,0xDEADBEEF,
	0x60184B01,0xBF004770,0x20408610,0xF7FFB508,
	0xE7FEFEDF,0xF7FFB508,0xE7FEFEDB,0x8010F3EF,
	0x4770B672,0x8810F380,0xBF404770,0x68134A71,
	0xD0042B01,0x0301F04F,0x4A6F6013,0x4A6F6010,
	0x486F6011,0x5180F04F,0x47706001,0x8210F3EF,
	0x4868B672,0xB3896801,0x0100F04F,0x48666001,
	0xB1B16801,0x8109F3EF,0x0F10F01E,0xED21BF08,
	0xE9218B10,0xF3EF0FF0,0xF841840B,0xF04F4D04,
	0xF01E0400,0xBF080F10,0xF8412401,0x68004D04,
	0x495A6001,0x68096809,0xC910C908,0x880BF384,
	0x0FF0E8B1,0xBF182B00,0x8B10ECB1,0x8809F381,
	0x0E10F04E,0xBF182B00,0x0E10F02E,0x8810F382,
	0x0E04F04E,0x484F4770,0x017FF44F,0x2000F8D0,
	0x0102EA41,0x47706001,0x60084948,0x8214F3EF,
	0x0204F022,0x8814F382,0xF04F4943,0x60080000,
	0xF04F4940,0x60080001,0xF44F4842,0xF8D0017F,
	0xEA412000,0x60010102,0xF04F483D,0x60015180,
	0x6800483D,0xBF006800,0x8808F380,0xB662B661,
	0xBF004770,0x4770BF20,0x8008F3EF,0x0F04F01E,
	0xF3EFD001,0xE9208009,0xF3EF0FF0,0xF840840B,
	0xF8404D04,0xF840ED04,0xF01EED04,0xD0020F04,
	0x8809F380,0xF380E001,0xB5008808,0xFF56F7FF,
	0xEB04F85D,0x0E04F04E,0xF3EF4770,0xF01E8008,
	0xD0010F04,0x8009F3EF,0x0FF0E920,0x840BF3EF,
	0x4D04F840,0xED04F840,0xED04F840,0x0F04F01E,
	0xF380D002,0xE0018809,0x8808F380,0xF7FFB500,
	0xF85DFF39,0xF04EEB04,0x47700E04,0xF3EFB410,
	0xB4108403,0xB500467C,0xF84DB500,0xB40FCD04,
	0xE92D9C08,0xF3EF0FF0,0xB410840B,0x4668B500,
	0xF8FCF47C,0xBC10BC01,0x880BF384,0x0FF0E8BD,
	0xF85DBC0F,0xF85DCB04,0xBC10EB04,0xBC10BC10,
	0x00004770,0x204EF040,0x204EED90,0x204EED94,
	0xE000ED04,0xE000ED20,0xE000ED08,0x4605B570,
	0x4E092400,0x3048F896,0xDC0042A3,0x6CF2BD70,
	0x03C4EB02,0x685B685B,0x4629B11B,0x0034F852,
	0x34014798,0xBF00E7EE,0x204EC798,0x4605B570,
	0x4E092400,0x3048F896,0xD80042A3,0x6CF2BD70,
	0x03C4EB02,0x689B685B,0x4629B11B,0x0034F852,
	0x34014798,0xBF00E7EE,0x204EC798,0x41F0E92D,
	0x4616460D,0x4604461F,0xF240B928,0x490922BB,
	0xF47A4809,0x2D05FB5F,0x442CDC09,0x46304639,
	0x3040F894,0xE8BD4A05,0xF48241F0,0x2000BC8D,
	0x81F0E8BD,0x004048D8,0x00403750,0x004031A2,
	0x460EB5F8,0xB9204604,0x490E22AA,0xF47A480E,
	0x6D63FB41,0x4630B123,0xF8844798,0xBDF80046,
	0x5058F894,0xD2013D01,0xE7F62001,0x00EF6DE3,
	0x0035F853,0xFF2EF483,0xD8F342B0,0x443B6DE3,
	0xE7EA7918,0x0040490F,0x0040375E,0x43F8E92D,
	0x781B4B5F,0xF0002B00,0x4C5E808F,0x3051F894,
	0xD51507D8,0xFE82F7FF,0x6E234605,0x685B4620,
	0x1047F894,0xF8944798,0xF7FF0047,0xF894FF87,
	0x46283051,0x0301F023,0x3051F884,0xFE72F7FF,
	0xFE6CF7FF,0x3040F8B4,0xB1834681,0xFE6AF7FF,
	0xFE64F7FF,0x46056E23,0xB10B691B,0x47984849,
	0xF7FF4628,0xE8BDFE5F,0xF7FF43F8,0xF484BEDB,
	0x1C41F89B,0xD0024605,0xFEF8F483,0x46291A2D,
	0xF7FF4840,0x2801FF95,0xF8844605,0xD8010046,
	0xE7DB4648,0x80F0F8DF,0x3000F8D8,0x4601B123,
	0x2004F8D8,0x47982000,0xF8942600,0x429E3048,
	0xF894DB3C,0x412F7050,0x0701F017,0xF484D008,
	0x1C42F873,0xD1504606,0x689B6E23,0xD1482B00,
	0x6E23462F,0x681B4629,0x4798482A,0x3050F894,
	0x07DB413B,0x6E23D510,0x699B4826,0x46064798,
	0x48246E23,0x479868DB,0xF483B136,0x4430FEB7,
	0xFED0F483,0xFEDAF483,0xF7FF4628,0xF8D8FEFF,
	0xB1233000,0x20014629,0x2004F8D8,0x46484798,
	0xFE00F7FF,0xD0932D01,0x83F8E8BD,0xEB026CE2,
	0x685B03C6,0xB90B681B,0xE7B63601,0xF8524629,
	0x47980036,0xD0F72800,0xF7FF4628,0xF8D8FEDF,
	0x2B003000,0x4629D09C,0xF8D82001,0x47982004,
	0x4601E796,0x47984807,0xF483E7B2,0x1A31FE7F,
	0xD9022901,0x689B6E23,0x2501E7F4,0xBF00E7A9,
	0x20408614,0x204EC798,0x204EC790,0x4B0FB538,
	0x781B4604,0x2805B1CB,0xF7FFD817,0x4B0CFDBF,
	0x44234605,0x2040F893,0xD0072AFF,0xF8833201,
	0x46282040,0x4038E8BD,0xBDB4F7FF,0x72FDF44F,
	0x48054904,0xFA3EF47A,0xBD38E7F3,0x20408614,
	0x204EC798,0x00404901,0x00403394,0x4B0AB510,
	0x781B4604,0x2805B17B,0xF7FFD80D,0x4B07FD97,
	0xF8934423,0xB1122040,0xF8833A01,0xE8BD2040,
	0xF7FF4010,0xBD10BD8F,0x20408614,0x204EC798,
	0xB5082920,0x2921D006,0xB2D0D102,0xFFB6F7FF,
	0xBD082000,0xF7FFB2D0,0xE7F9FFD9,0xB12BB508,
	0x2B017813,0xB2C8D104,0xFFA8F7FF,0xBD082001,
	0xD1FB2B00,0xF7FFB2C8,0xE7F7FFC9,0x4607B5F8,
	0xF7FF460E,0x4604FD63,0xFC32F7FF,0x4917B148,
	0xF47D4817,0xF240FB6D,0x49142269,0xF47A4815,
	0x4620F9E9,0xFD56F7FF,0xFD50F7FF,0x46054C12,
	0x1048F894,0x31016CE0,0xF48000C9,0xB178FD75,
	0x2048F894,0xF84064E0,0xF8947032,0x6CE32048,
	0x03C2EB03,0xF894605E,0x33013048,0x3048F884,
	0xE8BD4628,0xF7FF40F8,0xBF00BD35,0x004048EB,
	0x00403761,0x00403394,0x204EC798,0x230EB5F8,
	0x4C182500,0x75234606,0x460F4B17,0x4B176323,
	0x63634917,0x46204B17,0x320EE9C4,0xE9C42203,
	0xE9C45507,0x62E55509,0xF900F47B,0x46292206,
	0x0040F104,0xFCA6F47E,0x4A104B0F,0x65E2781B,
	0x3046F884,0x4A0E2301,0x5047F884,0x7050F884,
	0x64E56626,0x5048F884,0xF8846565,0x70133058,
	0xBF00BDF8,0x204EC798,0x00400BDD,0x00400E9D,
	0x0040375E,0x00400E81,0x20404DE2,0x00404928,
	0x20408614,0xF8834B02,0x65D90058,0xBF004770,
	0x204EC798,0x781B4B04,0x4804B12B,0xB1136E03,
	0xB103695B,0x47704718,0x20408614,0x204EC798,
	0xB5300783,0x1884D046,0xE0044684,0x1B01F803,
	0xD004079D,0x45A4469C,0xD1F74663,0x3A01BD30,
	0xEBA24402,0x2A03020C,0xB2CCD929,0xEB042A0F,
	0xEB042404,0xD92F4404,0x0C10F1A2,0x0510F103,
	0x0C0FF02C,0xE9C344AC,0xE9C34400,0x33104402,
	0xD1F84563,0x0F0CF012,0x0E0FF002,0xF02ED018,
	0xF1AE0C03,0x461A0504,0xF842449C,0x45624B04,
	0xF025D1FB,0x33040403,0x0203F00E,0x2A004423,
	0xB2C9D0CC,0xF803441A,0x42931B01,0xBD30D1FB,
	0xE7F44672,0xE7C64603,0xE7E04696,0xEA414684,
	0xF0130300,0xD1490303,0xD3233A40,0x6003680B,
	0x6043684B,0x6083688B,0x60C368CB,0x6103690B,
	0x6143694B,0x6183698B,0x61C369CB,0x62036A0B,
	0x62436A4B,0x62836A8B,0x62C36ACB,0x63036B0B,
	0x63436B4B,0x63836B8B,0x63C36BCB,0x31403040,
	0xD2DB3A40,0xD30B3230,0x6003680B,0x6043684B,
	0x6083688B,0x60C368CB,0x31103010,0xD2F33A10,
	0xD305320C,0x3B04F851,0x3B04F840,0xD2F93A04,
	0xD0083204,0xBF1C07D2,0x3B01F811,0x3B01F800,
	0x880BD301,0x46608003,0xBF004770,0xD3132A08,
	0xD0B1078B,0x0303F010,0xF1C3D0AE,0x1AD20304,
	0xBF1C07DB,0x3B01F811,0x3B01F800,0xF831D3A4,
	0xF8203B02,0xE79F3B02,0xD3D93A04,0xF8113A01,
	0xF8003B01,0xD2F93B01,0x7003780B,0x7043784B,
	0x7083788B,0x47704660,0x4000F080,0xBF00E002,
	0x4100F081,0xBF1F0042,0x0341EA5F,0x0F03EA92,
	0x6C22EA7F,0x6C23EA7F,0xEA4FD06A,0xEBD26212,
	0xBFC16313,0x404118D2,0x40414048,0x425BBFB8,
	0xBF882B19,0xF0104770,0xF4404F00,0xF0200000,
	0xBF18407F,0xF0114240,0xF4414F00,0xF0210100,
	0xBF18417F,0xEA924249,0xD03F0F03,0x0201F1A2,
	0xFC03FA41,0x000CEB10,0x0320F1C3,0xF103FA01,
	0x4300F000,0x4249D502,0x0040EB60,0x0F00F5B0,
	0xF1B0D313,0xD3067F80,0xEA4F0840,0xF1020131,
	0x2AFE0201,0xF1B1D251,0xEB404F00,0xBF0850C2,
	0x0001F020,0x0003EA40,0x00494770,0x0000EB40,
	0xBF283A01,0x0F00F5B0,0xFAB0D2ED,0xF1ACFC80,
	0xEBB20C08,0xFA00020C,0xBFAAF00C,0x50C2EB00,
	0x43184252,0x40D0BFBC,0x47704318,0x0F00F092,
	0x0100F481,0xF480BF06,0x32010000,0xE7B53B01,
	0x0341EA4F,0x6C22EA7F,0xEA7FBF18,0xD0216C23,
	0x0F03EA92,0xF092D004,0xBF080F00,0x47704608,
	0x0F01EA90,0x2000BF1C,0xF0124770,0xD1044F7F,
	0xBF280040,0x4000F040,0xF1124770,0xBF3C7200,
	0x0000F500,0xF0004770,0xF0434300,0xF44040FE,
	0x47700000,0x6222EA7F,0x4608BF16,0x6323EA7F,
	0x02424601,0xEA5FBF06,0xEA902341,0xF4400F01,
	0x47700080,0x0300F04F,0xBF00E004,0x4300F010,
	0x4240BF48,0x0C00EA5F,0x4770BF08,0x4396F043,
	0xF04F4601,0xE01C0000,0x0201EA50,0x4770BF08,
	0x0300F04F,0xBF00E00A,0x0201EA50,0x4770BF08,
	0x4300F011,0x4240D502,0x0141EB61,0x0C01EA5F,
	0x4684BF02,0x20004601,0x43B6F043,0xF1A3BF08,
	0xF5A35380,0xFABC0300,0x3A08F28C,0x53C2EBA3,
	0xFA01DB10,0x4463FC02,0xFC02FA00,0x0220F1C2,
	0x4F00F1BC,0xF202FA20,0x0002EB43,0xF020BF08,
	0x47700001,0x0220F102,0xFC02FA01,0x0220F1C2,
	0x004CEA50,0xF202FA21,0x0002EB43,0xEA20BF08,
	0x477070DC,0xB94AB953,0xBF082900,0xBF1C2800,
	0x31FFF04F,0x30FFF04F,0xB9B2F000,0x0C08F1AD,
	0xCE04E96D,0xF806F000,0xE004F8DD,0x2302E9DD,
	0x4770B004,0x4FF0E92D,0x9E09468C,0x460F4604,
	0xD1482B00,0x4615428A,0xFAB2D95E,0xB13BF382,
	0x0220F1C3,0x409D409F,0xFA20409C,0x4317F202,
	0x4E15EA4F,0xFC85FA1F,0xFBB70C22,0xFB0EF1FE,
	0xFB017711,0xEA42F00C,0x42904207,0x18AAD907,
	0x37FFF101,0x4290D202,0x8158F200,0x1A124639,
	0xFBB2B2A4,0xFB0EF0FE,0xFB002210,0xEA44FC0C,
	0x45A44402,0x192CD90B,0x32FFF100,0x2701BF2C,
	0x45A42700,0x2F00D902,0x8143F000,0xEA404610,
	0xEBA44001,0x2100040C,0x40DCB11E,0xE9C62300,
	0xE8BD4300,0x428B8FF0,0xB10ED906,0x0100E9C6,
	0x46082100,0x8FF0E8BD,0xF183FAB3,0xD1512900,
	0xF0C04563,0x42828116,0x8113F240,0x2E004608,
	0xE9C6D0E7,0xE7E44700,0xF0002A00,0xFAB280AF,
	0x2B00F382,0x80C2F040,0xEA4F1A8A,0xB2AF4E15,
	0x0C202101,0xFCFEFBB2,0x221CFB0E,0x4202EA40,
	0xF00CFB07,0xD90E4290,0xF10C18AA,0xBF2C38FF,
	0x0901F04F,0x0900F04F,0xD9034290,0x0F00F1B9,
	0x80F0F000,0x1A1246C4,0xFBB2B2A4,0xFB0EF0FE,
	0xFB002210,0xEA44F707,0x42A74402,0x192CD90E,
	0x32FFF100,0xF04FBF2C,0xF04F0E01,0x42A70E00,
	0xF1BED903,0xF0000F00,0x461080D2,0xEA401BE4,
	0xE799400C,0x0520F1C1,0xFA0C408B,0xFA00F401,
	0xFA22F901,0xFA2CF705,0x408AFC05,0xFA20431F,
	0x0C38F305,0xFA1F4323,0x0C1CFE87,0xF8F0FBBC,
	0xCC18FB00,0x440CEA44,0xFC0EFB08,0xD90E45A4,
	0xF108193C,0xBF2C3AFF,0x0B01F04F,0x0B00F04F,
	0xD90345A4,0x0F00F1BB,0x80B8F000,0xEBA446D0,
	0xFA1F040C,0xFBB4FC83,0xFB00F3F0,0xFB034413,
	0xEA4CFE0E,0x45A64404,0x193CD90E,0x30FFF103,
	0xF04FBF2C,0xF04F0C01,0x45A60C00,0xF1BCD903,
	0xF0000F00,0x4603809F,0x4008EA43,0x040EEBA4,
	0xEC02FBA0,0x46734564,0xD30246E0,0x45F1D107,
	0xEBBED205,0xEB6C0302,0x38010C07,0xB15E46E0,
	0x0203EBB9,0x0408EB64,0xF505FA04,0xF301FA22,
	0x431D40CC,0x5400E9C6,0xE7322100,0x462F0842,
	0x46AC084B,0x72C1EA42,0x07C446AE,0xB2920C11,
	0x4103EA41,0x4201EA42,0xF1F5FBB1,0xF0F5FBB3,
	0xEBA2231F,0xEA41020C,0xE7424100,0xF1C3409D,
	0x40990220,0xFA2C409C,0xEA4FFC02,0xFA204E15,
	0xB2AFF202,0xF8FEFBBC,0xFB0E430A,0x0C11CC18,
	0x410CEA41,0xFC07FB08,0xD950458C,0xF1081869,
	0xBF2C30FF,0x0901F04F,0x0900F04F,0xD902458C,
	0x0F00F1B9,0xEBA1D030,0xFBB1010C,0xFB08F8FE,
	0xFB0EFC07,0xB2921118,0x4201EA42,0xD2344562,
	0xF10818AA,0xBF2C31FF,0x0901F04F,0x0900F04F,
	0xD2BE4562,0x0F00F1B9,0xF1A8D1BB,0x442A0102,
	0x1A84E7B7,0x0203EB6C,0x46172001,0x442CE6E7,
	0xE72B3802,0x0C02F1AC,0xE70C442A,0x442A3902,
	0x442CE6A5,0xE6BA3802,0x0C0CEBA5,0x0002F1A8,
	0xFBB14461,0xFB08F8FE,0xE7CAFC07,0x0802F1A8,
	0xE744443C,0x443C3B02,0x4641E75E,0xEBA1E791,
	0x4640010C,0xF8FEFBB1,0xFC07FB08,0xBF00E7B9,
	0xBF004770,0x50081000,0x00000002,0x1C000000,
	0x00000004,0x00000000,0x00000000,0x00000000,
	0x00000000,0x00000000,0x00000000,0x00000000,
	0x00000000,0x00000000,0x0129005B,0x00000000,
	0x00000000,0x00000000,0x00000000,0x00000000,
	0x00000000,0x00000000,0x012A005A,0x00000000,
	0x00000000,0x00000000,0x00000000,0x00000000,
	0x00000000,0x00000000,0x012B0057,0x00000000,
	0x00000000,0x00000000,0x00000000,0x00000000,
	0x00000000,0x00000000,0x012C0059,0x00000000,
	0x00000000,0x00000000,0x00000000,0x00000000,
	0x00000000,0x00000000,0x012D005C,0x00000000,
	0x00000000,0x00000000,0x00000000,0x00000000,
	0x00000000,0x00000000,0x012E0056,0x00000000,
	0x00000000,0x00000000,0x00000000,0x00000000,
	0x00000000,0x00000000,0x015400C1,0x00000143,
	0x01FF0000,0x00000229,0x00000000,0x00000000,
	0x00000000,0x00000000,0x015300C2,0x00000144,
	0x02000000,0x0000022A,0x00000000,0x00000000,
	0x00000000,0x00000000,0x000000C3,0x017D01CD,
	0x020101BE,0x02590000,0x02550000,0x0000023F,
	0x00000000,0x00000000,0x000000C4,0x017901CE,
	0x020201BF,0x025A013E,0x02560000,0x00000240,
	0x00000000,0x00000000,0x000000C5,0x017A01CC,
	0x020401C1,0x025B013D,0x00000000,0x00000241,
	0x00000000,0x00000000,0x000000C6,0x017C01C7,
	0x020501C2,0x025C0146,0x00000000,0x00000242,
	0x00000000,0x00000000,0x000000C7,0x017B01CA,
	0x020601C0,0x025D0145,0x00000000,0x00000243,
	0x00000000,0x00000000,0x00C80237,0x0000013B,
	0x02070000,0x00000000,0x00000000,0x00000000,
	0x00000000,0x00000000,0x000000C9,0x017601CB,
	0x02090000,0x025E023B,0x00000000,0x00000244,
	0x00000000,0x00000000,0x000000CA,0x017801C9,
	0x020A0144,0x025F023C,0x00000000,0x00000245,
	0x00000000,0x00000000,0x000000CB,0x017701C8,
	0x020B0143,0x02600000,0x00000000,0x00000246,
	0x00000000,0x00000000,0x00CC0238,0x0000013C,
	0x020C0000,0x00000000,0x00000000,0x00000000,
	0x00000000,0x00000000,0x016400CD,0x015301C6,
	0x00000000,0x00000000,0x00000000,0x00000000,
	0x00000000,0x00000000,0x014300CE,0x0000013D,
	0x01FF0000,0x02610000,0x02580000,0x0000024D,
	0x00000000,0x00000000,0x014400CF,0x0000013E,
	0x02000000,0x02620000,0x02570000,0x0000024E,
	0x00000000,0x00000000,0x016600D0,0x014501C4,
	0x00000000,0x00000000,0x00000000,0x00000000,
	0x00000000,0x00000000,0x016700D1,0x015401C3,
	0x00000168,0x00000000,0x00000000,0x00000000,
	0x00000000,0x00000000,0x013F00D2,0x0000015F,
	0x00000000,0x00000000,0x00000000,0x00000000,
	0x00000000,0x00000000,0x014000D3,0x00000161,
	0x00000000,0x00000000,0x00000000,0x00000000,
	0x00000000,0x00000000,0x016500D4,0x014601C5,
	0x00000000,0x00000000,0x00000000,0x00000000,
	0x00000000,0x00000000,0x000000D5,0x00000000,
	0x02010000,0x0259026A,0x00000000,0x00000000,
	0x00000000,0x00000000,0x000000D6,0x015F0000,
	0x02020000,0x025A026B,0x00000000,0x00000000,
	0x00000000,0x00000000,0x000000D7,0x01620000,
	0x02040163,0x025B026C,0x00000000,0x00000000,
	0x00000000,0x00000000,0x014100D8,0x00000162,
	0x02050163,0x00000000,0x00000000,0x00000000,
	0x00000000,0x00000000,0x000000D9,0x01EF0000,
	0x02060000,0x0263026D,0x00000000,0x00000000,
	0x00000000,0x00000000,0x000000DA,0x01610000,
	0x02070000,0x025C026E,0x00000000,0x00000000,
	0x00000000,0x00000000,0x014200DB,0x00000160,
	0x02090000,0x00000000,0x00000281,0x00000000,
	0x00000000,0x00000000,0x000000DC,0x01EE0164,
	0x020A0000,0x0264026F,0x00000281,0x00000000,
	0x00000000,0x00000000,0x015100DD,0x00000143,
	0x00000000,0x00000000,0x00000281,0x00000000,
	0x00000000,0x00000000,0x015200DE,0x00000144,
	0x00000000,0x00000000,0x00000281,0x00000000,
	0x00000000,0x00000000,0x000000DF,0x01EB0167,
	0x020B0168,0x02650270,0x00000281,0x00000000,
	0x00000000,0x00000000,0x000000E0,0x01EC0166,
	0x020C01F0,0x02660271,0x00000281,0x00000000,
	0x00000000,0x00000000,0x000000E1,0x00000000,
	0x00000000,0x025D0272,0x00000281,0x00000000,
	0x00000000,0x00000000,0x000000E2,0x00000000,
	0x022B0000,0x02670273,0x00000281,0x00000000,
	0x00000000,0x00000000,0x000000E3,0x01ED0165,
	0x00000000,0x02680274,0x00000281,0x00000000,
	0x00000000,0x00000000,0x000000E4,0x00000000,
	0x00000000,0x02690000,0x00000281,0x00000000,
	0x00000000,0x00000000,0x013B00E5,0x00000000,
	0x01FF0000,0x00000000,0x00000281,0x00000000,
	0x00000000,0x00000000,0x013C00E6,0x00000000,
	0x02000000,0x00000000,0x00000281,0x00000000,
	0x00000000,0x00000000,0x000000E7,0x00000145,
	0x02010000,0x025E0275,0x00000281,0x00000000,
	0x00000000,0x00000000,0x000000E8,0x00000146,
	0x02020000,0x025F0276,0x00000281,0x00000000,
	0x00000000,0x00000000,0x000000E9,0x01600000,
	0x02030000,0x02600277,0x00000281,0x00000000,
	0x00000000,0x00000000,0x000000EA,0x0000023C,
	0x020401EF,0x02610278,0x00000281,0x00000000,
	0x00000000,0x00000000,0x000000EB,0x00000000,
	0x020501EE,0x02620279,0x00000281,0x00000000,
	0x00000000,0x00000000,0x000000EC,0x0141013D,
	0x020601EB,0x0263027A,0x00000281,0x00000000,
	0x00000000,0x00000000,0x000000ED,0x0142013E,
	0x020701EC,0x0264027B,0x00000281,0x00000000,
	0x00000000,0x00000000,0x000000EE,0x0000023B,
	0x02080000,0x02650000,0x00000281,0x00000000,
	0x00000000,0x00000000,0x000000EF,0x01F00000,
	0x020901ED,0x0266027C,0x00000000,0x00000000,
	0x00000000,0x00000000,0x015000F0,0x00000143,
	0x020A0000,0x00000000,0x00000000,0x00000000,
	0x00000000,0x00000000,0x014F00F1,0x00000144,
	0x020B0000,0x00000000,0x00000000,0x00000000,
	0x00000000,0x00000000,0x000000F2,0x01430145,
	0x020C0000,0x0267027D,0x00000000,0x00000000,
	0x00000000,0x00000000,0x000000F3,0x01440146,
	0x020D0000,0x0268027E,0x00000000,0x00000000,
	0x00000000,0x00000000,0x023A00F4,0x0141013D,
	0x022C0000,0x0000027F,0x00000000,0x00000000,
	0x00000000,0x00000000,0x023900F5,0x0142013E,
	0x022D0000,0x00000280,0x00000000,0x00000000,
	0x00000000,0x00000000,0x000000F6,0x00000000,
	0x00000000,0x02690000,0x00000000,0x00000000,
	0x00000000,0x00000000,0x000000F7,0x00000000,
	0x00000000,0x00000000,0x00000000,0x00000000,
	0x00000000,0x00000000,0x000000F8,0x00000000,
	0x00000000,0x00000000,0x00000000,0x00000000,
	0x00000000,0x00000000,0x000000F9,0x015F013D,
	0x00000000,0x00000000,0x00000000,0x00000000,
	0x00000000,0x00000000,0x000000FA,0x0162013E,
	0x00000163,0x00000000,0x00000000,0x00000000,
	0x00000000,0x00000000,0x000000FB,0x01610143,
	0x00000000,0x00000000,0x00000000,0x00000000,
	0x00000000,0x00000000,0x000000FC,0x01600144,
	0x00000000,0x00000000,0x00000000,0x00000000,
	0x00000000,0x00000000,0x02830282,0x02860285,
	0x00000000,0x00000000,0x00000000,0x00000000,
	0x00000000,0x00000000,0x02840283,0x02860285,
	0x00000000,0x00000000,0x00000000,0x00000000,
	0x00000000,0x00000000,0x02840283,0x02860285,
	0x00000000,0x00000000,0x00000000,0x00000000,
	0x00000000,0x00000000,0x02840283,0x02860285,
	0x00000000,0x00000000,0x00000000,0x00000000,
	0x00000000,0x00000000,0x02840283,0x02860285,
	0x00000000,0x00000000,0x00000000,0x00000000,
	0x00000000,0x00000000,0x02840283,0x02860285,
	0x00000000,0x00000000,0x00000000,0x00000000,
	0x00000000,0x00000000,0x00000000,0x00000000,
	0x00000000,0x00000000,0x00000000,0x00000000,
	0x00000000,0x00000000,0x001C0101,0x00000000,
	0x00000000,0x00000000,0x00000000,0x00000000,
	0x00000000,0x00000000,0x001D0102,0x00190000,
	0x00000000,0x00000000,0x00000000,0x00000000,
	0x00000000,0x00000000,0x001E0103,0x001D0000,
	0x00000000,0x00000000,0x00000000,0x00000000,
	0x00000000,0x00000000,0x001F0104,0x001E0000,
	0x00000000,0x00000000,0x00000000,0x00000000,
	0x00000000,0x00000000,0x00200105,0x0000001C,
	0x00000000,0x00000000,0x00000000,0x00000000,
	0x00000000,0x00000000,0x00210106,0x001E001D,
	0x00000000,0x00000000,0x00000000,0x00000000,
	0x00000000,0x00000000,0x00220107,0x001D001E,
	0x00000000,0x00000000,0x00000000,0x00000000,
	0x00000000,0x00000000,0x00230108,0x0019001F,
	0x00000000,0x00000000,0x00000000,0x00000000,
	0x00000000,0x00000000,0x001A0109,0x00000000,
	0x00000000,0x00000000,0x00000000,0x00000000,
	0x00000000,0x00000000,0x0018010A,0x00000019,
	0x00000000,0x00000000,0x00000000,0x00000000,
	0x00000000,0x00000000,0x0019010B,0x001C0018,
	0x00000000,0x00000000,0x00000000,0x00000000,
	0x00000000,0x00000000,0x0024010C,0x00180020,
	0x00000000,0x00000000,0x00000000,0x00000000,
	0x00000000,0x00000000,0x0025010D,0x001F0021,
	0x00000000,0x00000000,0x00000000,0x00000000,
	0x00000000,0x00000000,0x0026010E,0x00180022,
	0x00000000,0x00000000,0x00000000,0x00000000,
	0x00000000,0x00000000,0x0027010F,0x001C0023,
	0x00000000,0x00000000,0x00000000,0x00000000,
	0x00000000,0x00000000,0x00280110,0x0000001A,
	0x00000000,0x00000000,0x00000000,0x00000000,
	0x00000000,0x00000000,0x00290111,0x00000000,
	0x00000000,0x00000000,0x00000000,0x00000000,
	0x00000000,0x00000000,0x002A0112,0x00000000,
	0x00000000,0x00000000,0x00000000,0x00000000,
	0x00000000,0x00000000,0x002B0113,0x00000000,
	0x00000000,0x00000000,0x00000000,0x00000000,
	0x00000000,0x00000000,0x001B0114,0x00000000,
	0x00000000,0x00000000,0x00000000,0x00000000,
	0x00000000,0x00000000,0x00300115,0x00000000,
	0x00000000,0x00000000,0x00000000,0x00000000,
	0x00000000,0x00000000,0x00310116,0x00000000,
	0x00000000,0x00000000,0x00000000,0x00000000,
	0x00000000,0x00000000,0x00320117,0x00000000,
	0x00000000,0x00000000,0x00000000,0x00000000,
	0x00000000,0x00000000,0x00330118,0x00000000,
	0x00000000,0x00000000,0x00000000,0x00000000,
	0x00000000,0x00000000,0x00340119,0x00000030,
	0x00000000,0x00000000,0x00000000,0x00000000,
	0x00000000,0x00000000,0x0035011A,0x00000031,
	0x00000000,0x00000000,0x00000000,0x00000000,
	0x00000000,0x00000000,0x0036011B,0x00000032,
	0x00000000,0x00000000,0x00000000,0x00000000,
	0x00000000,0x00000000,0x0037011C,0x00000033,
	0x00000000,0x00000000,0x00000000,0x00000000,
	0x00000000,0x00000000,0x002E011D,0x00000000,
	0x00000000,0x00000000,0x00000000,0x00000000,
	0x00000000,0x00000000,0x002C011E,0x0000002D,
	0x00000000,0x00000000,0x00000000,0x00000000,
	0x00000000,0x00000000,0x002D011F,0x0000002C,
	0x00000000,0x00000000,0x00000000,0x00000000,
	0x00000000,0x00000000,0x00380120,0x00000034,
	0x00000000,0x00000000,0x00000000,0x00000000,
	0x00000000,0x00000000,0x00390121,0x00000035,
	0x00000000,0x00000000,0x00000000,0x00000000,
	0x00000000,0x00000000,0x003A0122,0x00000036,
	0x00000000,0x00000000,0x00000000,0x00000000,
	0x00000000,0x00000000,0x003B0123,0x00000037,
	0x00000000,0x00000000,0x00000000,0x00000000,
	0x00000000,0x00000000,0x003C0124,0x0000002E,
	0x00000000,0x00000000,0x00000000,0x00000000,
	0x00000000,0x00000000,0x003D0125,0x00000000,
	0x00000000,0x00000000,0x00000000,0x00000000,
	0x00000000,0x00000000,0x003E0126,0x00000000,
	0x00000000,0x00000000,0x00000000,0x00000000,
	0x00000000,0x00000000,0x003F0127,0x00000000,
	0x00000000,0x00000000,0x00000000,0x00000000,
	0x00000000,0x00000000,0x002F0128,0x00000000,
	0x00000000,0x00000000,0x00000000,0x00000000,
	0x00000000,0x00000000,0x01DB0061,0x02320000,
	0x020F0147,0x00000000,0x00000000,0x00000000,
	0x00000000,0x00000000,0x01D60062,0x00000050,
	0x00000000,0x00000000,0x00000000,0x00000000,
	0x00000000,0x00000000,0x00000063,0x02340000,
	0x02100000,0x00000137,0x00000000,0x00000000,
	0x00000000,0x00000000,0x01D90064,0x02310000,
	0x02110000,0x00000000,0x00000000,0x00000000,
	0x00000000,0x00000000,0x01D50065,0x0000004F,
	0x00000000,0x00000000,0x00000000,0x00000000,
	0x00000000,0x00000000,0x01D40066,0x0000004E,
	0x00000000,0x00000000,0x00000000,0x00000000,
	0x00000000,0x00000000,0x01D70067,0x00000051,
	0x00000000,0x00000000,0x00000000,0x00000000,
	0x00000000,0x00000000,0x01D80068,0x0134022F,
	0x02120000,0x00000000,0x00000000,0x00000000,
	0x00000000,0x00000000,0x01DA0069,0x01330230,
	0x02130000,0x00000000,0x00000000,0x00000000,
	0x00000000,0x00000000,0x01D2006A,0x0000004B,
	0x00000000,0x00000000,0x00000000,0x00000000,
	0x00000000,0x00000000,0x01D3006B,0x0000004C,
	0x00000000,0x00000000,0x00000000,0x00000000,
	0x00000000,0x00000000,0x0000006C,0x0235022E,
	0x02140148,0x00000138,0x00000000,0x00000000,
	0x00000000,0x00000000,0x0000006D,0x00000000,
	0x021501F5,0x018C0000,0x02590000,0x02420000,
	0x00000000,0x00000000,0x0000006E,0x00000000,
	0x021701F6,0x018D0000,0x025A0000,0x02430000,
	0x00000000,0x00000000,0x0000006F,0x000001E3,
	0x00000000,0x01900000,0x00000000,0x00000000,
	0x00000000,0x00000000,0x00000070,0x00000000,
	0x021801F7,0x01910000,0x025B0000,0x02440000,
	0x00000000,0x00000000,0x01480071,0x00000134,
	0x00000000,0x00000000,0x00000000,0x00000000,
	0x00000000,0x00000000,0x01470072,0x00000133,
	0x00000000,0x00000000,0x00000000,0x00000000,
	0x00000000,0x00000000,0x01F20073,0x013601E5,
	0x00000149,0x018E0000,0x00000000,0x00000000,
	0x00000000,0x00000000,0x00000074,0x00000000,
	0x021601F8,0x018F017F,0x000001B0,0x00000000,
	0x00000000,0x00000000,0x01370075,0x01350157,
	0x00000000,0x00000000,0x025C0000,0x023F0255,
	0x00000000,0x00000000,0x01380076,0x01360158,
	0x00000000,0x00000000,0x025D0000,0x02400256,
	0x00000000,0x00000000,0x01F40077,0x00000000,
	0x021901F9,0x0199018A,0x000001B1,0x00000000,
	0x00000000,0x00000000,0x01F10078,0x013501E2,
	0x0000014A,0x01980000,0x00000000,0x00000000,
	0x00000000,0x00000000,0x00000079,0x00000000,
	0x00000000,0x01970174,0x00000000,0x00000000,
	0x00000000,0x00000000,0x01F3007A,0x00000000,
	0x021A01FA,0x01960188,0x000001AF,0x00000000,
	0x00000000,0x00000000,0x0000007B,0x00000000,
	0x021B01FB,0x0195017E,0x00000000,0x00000000,
	0x00000000,0x00000000,0x0000007C,0x00000000,
	0x021C01FC,0x01940189,0x000001AF,0x00000000,
	0x00000000,0x00000000,0x0134007D,0x00000155,
	0x00000149,0x00000000,0x025E0000,0x024D0258,
	0x00000000,0x00000000,0x0133007E,0x00000156,
	0x0000014A,0x00000000,0x025F0000,0x024E0257,
	0x00000000,0x00000000,0x015B007F,0x004C01D5,
	0x00000000,0x00000000,0x00000000,0x00000000,
	0x00000000,0x00000000,0x01300080,0x00000000,
	0x0000014B,0x00000000,0x02600000,0x024F0000,
	0x00000000,0x00000000,0x012F0081,0x00000000,
	0x0000014C,0x00000000,0x02610000,0x02500000,
	0x00000000,0x00000000,0x00000082,0x000001DB,
	0x01350000,0x00000000,0x00000000,0x00000000,
	0x00000000,0x00000000,0x00000083,0x000001D3,
	0x01360000,0x00000000,0x00000000,0x02450000,
	0x00000000,0x00000000,0x00000084,0x000001DA,
	0x01390000,0x00000000,0x00000000,0x02460000,
	0x00000000,0x00000000,0x00000085,0x005001D6,
	0x00000000,0x00000000,0x00000000,0x02470000,
	0x00000000,0x00000000,0x015D0086,0x004F01D9,
	0x0000015E,0x00000000,0x00000000,0x02480000,
	0x00000000,0x00000000,0x00000087,0x005101D8,
	0x00000000,0x00000000,0x00000000,0x00000000,
	0x00000000,0x00000000,0x015A0088,0x004B01D2,
	0x00000000,0x00000000,0x00000000,0x00000000,
	0x00000000,0x00000000,0x015C0089,0x004E01D7,
	0x00000000,0x00000000,0x00000000,0x00000000,
	0x00000000,0x00000000,0x0000008A,0x000001D4,
	0x013A0000,0x00000000,0x00000000,0x00000000,
	0x00000000,0x00000000,0x0000008B,0x00000000,
	0x021D01FD,0x00000000,0x02620000,0x02410000,
	0x00000000,0x00000000,0x0000008C,0x00000000,
	0x00000000,0x01930175,0x000001B3,0x00000000,
	0x00000000,0x00000000,0x0041008D,0x00000000,
	0x00000000,0x0192016E,0x000001B4,0x00000000,
	0x00000000,0x00000000,0x0046008E,0x00000000,
	0x00000000,0x01A10173,0x000001B2,0x00000000,
	0x00000000,0x00000000,0x0040008F,0x00000000,
	0x00000000,0x01A0016F,0x000001B5,0x00000000,
	0x00000000,0x00000000,0x00450090,0x00000000,
	0x00000000,0x019F0172,0x000001B6,0x00000000,
	0x00000000,0x00000000,0x00440091,0x00000000,
	0x00000000,0x019E0171,0x000001B7,0x00000000,
	0x00000000,0x00000000,0x00000092,0x00000000,
	0x021E01F5,0x00000000,0x00000000,0x00000000,
	0x00000000,0x00000000,0x00430093,0x00000000,
	0x00000000,0x019D0170,0x000001B8,0x00000000,
	0x00000000,0x00000000,0x00940237,0x00000000,
	0x021F01F6,0x00000000,0x02630000,0x00000000,
	0x00000000,0x00000000,0x00950238,0x00000000,
	0x022101F7,0x00000000,0x02640000,0x00000000,
	0x00000000,0x00000000,0x00000096,0x00000000,
	0x00000000,0x019C0180,0x00000000,0x00000000,
	0x00000000,0x00000000,0x01580097,0x00000159,
	0x00000000,0x019B0181,0x00000000,0x00000000,
	0x00000000,0x00000000,0x00000098,0x00000000,
	0x022201F8,0x019A0182,0x00000000,0x00000000,
	0x00000000,0x00000000,0x01550099,0x00000000,
	0x00000000,0x01A90183,0x00000000,0x00000000,
	0x00000000,0x00000000,0x0157009A,0x00000000,
	0x00000000,0x01A80184,0x00000000,0x00000000,
	0x00000000,0x00000000,0x0000009B,0x02250000,
	0x022001FA,0x01A70185,0x00000000,0x00000000,
	0x00000000,0x00000000,0x014E009C,0x013A0130,
	0x00000000,0x00000000,0x02650000,0x00000000,
	0x00000000,0x00000000,0x014D009D,0x0139012F,
	0x00000000,0x00000000,0x02660000,0x00000000,
	0x00000000,0x00000000,0x0156009E,0x00000000,
	0x00000000,0x01A60186,0x02670000,0x00000000,
	0x00000000,0x00000000,0x0149009F,0x00000132,
	0x00000000,0x01A50187,0x02680000,0x00000000,
	0x00000000,0x00000000,0x014A00A0,0x00000131,
	0x00000000,0x01A4018B,0x02690000,0x00000000,
	0x00000000,0x00000000,0x000000A1,0x00000000,
	0x00000000,0x00000000,0x00000000,0x00000000,
	0x00000000,0x00000000,0x000000A2,0x00000000,
	0x020F01FB,0x01A30000,0x000001B9,0x00000000,
	0x00000000,0x00000000,0x000000A3,0x00000000,
	0x00000000,0x00000000,0x00000000,0x00000000,
	0x00000000,0x00000000,0x000000A4,0x00000000,
	0x021001FC,0x01A20000,0x000001BA,0x00000000,
	0x00000000,0x00000000,0x000000A5,0x00000000,
	0x00000000,0x00000000,0x00000000,0x00000000,
	0x00000000,0x00000000,0x000000A6,0x00000000,
	0x00000000,0x00000000,0x00000000,0x00000000,
	0x00000000,0x00000000,0x01DD00A7,0x0000015B,
	0x00000000,0x00000000,0x02590000,0x00000000,
	0x00000000,0x00000000,0x023B00A8,0x00000000,
	0x00000000,0x00000000,0x025A0000,0x00000000,
	0x00000000,0x00000000,0x023D00A9,0x00000000,
	0x00000000,0x00000000,0x025B0000,0x00000000,
	0x00000000,0x00000000,0x023E00AA,0x02240132,
	0x021101FD,0x00000000,0x025C0000,0x00000000,
	0x00000000,0x00000000,0x023C00AB,0x02230131,
	0x021201FE,0x00000174,0x025D0000,0x00000000,
	0x00000000,0x00000000,0x01DF00AC,0x0000015C,
	0x00000000,0x00000000,0x025E0000,0x00000000,
	0x00000000,0x00000000,0x01DE00AD,0x0000015D,
	0x00000000,0x00000000,0x025F0000,0x00000000,
	0x00000000,0x00000000,0x01DC00AE,0x0000015A,
	0x00000000,0x00000000,0x02600000,0x00000000,
	0x00000000,0x00000000,0x015C00AF,0x00000000,
	0x021301FE,0x00000000,0x02610000,0x00000000,
	0x00000000,0x00000000,0x01E000B0,0x00000000,
	0x00000000,0x00000000,0x02620000,0x00000000,
	0x00000000,0x00000000,0x000000B1,0x00000000,
	0x00000000,0x00000175,0x02630000,0x00000000,
	0x00000000,0x00000000,0x01E100B2,0x00000000,
	0x00000000,0x00000000,0x02640000,0x00000000,
	0x00000000,0x00000000,0x000000B3,0x000001EA,
	0x021401F5,0x00000171,0x000001AB,0x00000000,
	0x00000000,0x00000000,0x015A00B4,0x00000000,
	0x00000000,0x00000000,0x02650000,0x00000000,
	0x00000000,0x00000000,0x000000B5,0x000001E7,
	0x021901F6,0x00000172,0x000001AA,0x00000000,
	0x00000000,0x00000000,0x000000B6,0x00000000,
	0x00000000,0x00000000,0x02660000,0x00000000,
	0x00000000,0x00000000,0x000000B7,0x000001E9,
	0x021A01F7,0x00000173,0x000001AC,0x00000000,
	0x00000000,0x00000000,0x015B00B8,0x00000000,
	0x00000000,0x00000000,0x02670000,0x00000000,
	0x00000000,0x00000000,0x000000B9,0x00000000,
	0x00000000,0x0000016E,0x02680000,0x00000000,
	0x00000000,0x00000000,0x015D00BA,0x015E0000,
	0x00000000,0x00000000,0x02690000,0x00000000,
	0x00000000,0x00000000,0x000000BB,0x000001E8,
	0x021B01F8,0x0000016F,0x000001AD,0x00000000,
	0x00000000,0x00000000,0x000000BC,0x000001E6,
	0x021C01F9,0x00000170,0x000001AE,0x00000000,
	0x00000000,0x00000000,0x014B00BD,0x01390137,
	0x00000000,0x00000000,0x00000000,0x00000000,
	0x00000000,0x00000000,0x014C00BE,0x013A0138,
	0x00000000,0x00000000,0x00000000,0x00000000,
	0x00000000,0x00000000,0x7943504C,0x73656C63,
	0x72756320,0x2064253D,0x7661202C,0x64252065,
	0x7563202C,0x61625F72,0x70756B63,0x2064253D,
	0x746C6564,0x64252061,0x504C000A,0x6C637943,
	0x203A7365,0x3D727563,0x64206425,0x61746C65,
	0x2C64253D,0x3D706D74,0x000A6425,0x6320504C,
	0x656C6379,0x64252073,0x6874202C,0x25203064,
	0x74202C64,0x20316468,0x202C6425,0x6C616373,
	0x64252065,0x74634100,0x206C6175,0x61726150,
	0x7563203A,0x64253D72,0x7661202C,0x64253D65,
	0x7563202C,0x61625F72,0x70756B63,0x2C642520,
	0x706C6120,0x25206168,0x74202C64,0x2A28706D,
	0x3D293031,0x0A0D6425,0x43504C00,0x656C6379,
	0x25203A73,0x61202C64,0x253D6576,0x63202C64,
	0x746E756F,0x2064253D,0x3D706D74,0x0A0D6425,
	0x43504900,0x4555515F,0x495F4555,0x4C41564E,
	0x485F4449,0x4C444E41,0x3D212045,0x73797320,
	0x5F686C5F,0x615F7462,0x6F696475,0x6575715F,
	0x6F006575,0x7320646C,0x63206F63,0x6465646F,
	0x2C64253A,0x656C7872,0x64253A6E,0x6C78742C,
	0x253A6E65,0x6E000A64,0x73207765,0x63206F63,
	0x6465646F,0x2C64253A,0x656C7872,0x64253A6E,
	0x6C78742C,0x253A6E65,0x62000A64,0x70733274,
	0x656B6165,0x75622072,0x72656666,0x6D6C6120,
	0x2074736F,0x6C6C7566,0x0A642520,0x695F7100,
	0x3C207864,0x43504920,0x5F57485F,0x55455551,
	0x554E5F45,0x455B004D,0x4742442F,0x4800205D,
	0x20555043,0x73617243,0x72742068,0x65676769,
	0x2C646572,0x656C7020,0x20657361,0x63656863,
	0x4348206B,0x6C205550,0x6620676F,0x6420726F,
	0x69617465,0x002E736C,0x5F4C4148,0x3D204B4F,
	0x7265203D,0x706C0072,0x326D6974,0x6D705B00,
	0x253A535D,0x64252C64,0x6970000A,0x705B006E,
	0x3A575D6D,0x000A6425,0x745F6D70,0x5F6B6369,
	0x2E6C6163,0x6B636974,0x7272655F,0x665F726F,
	0x20636172,0x0031203C,0x5D6D705B,0x3A525357,
	0x78257830,0x2030000A,0x28203D3D,0x72657069,
	0x70797472,0x20262065,0x29647830,0x66756200,
	0x20727470,0x4E203D21,0x004C4C55,0x657A6973,
	0x203D2120,0x74620030,0x745F7874,0x766E6500,
	0x70693E2D,0x6F705F63,0x3D207472,0x6168203D,
	0x656C646E,0x6E656C00,0x203D3D20,0x2D766E65,
	0x2E78723E,0x61746164,0x7A69735F,0x656C0065,
	0x3D3D206E,0x7A697320,0x61630065,0x61626C6C,
	0x21206B63,0x554E203D,0x75004C4C,0x34747261,
	0x5F545200,0x204B4F45,0x72203D3D,0x6C757365,
	0x50490074,0x55515F43,0x5F455545,0x41564E49,
	0x5F44494C,0x444E4148,0x2120454C,0x626D203D,
	0x655F786F,0x692E766E,0x705F6370,0x0074726F,
	0x2D766E65,0x7665643E,0x20656369,0x64203D3D,
	0x65007665,0x3E2D766E,0x622E7874,0x3D206675,
	0x7562203D,0x72656666,0x766E6500,0x203D2120,
	0x4C4C554E,0x6E6F6300,0x2D676966,0x766E653E,
	0x6675625F,0x6E6F6300,0x2D676966,0x7474613E,
	0x6675625F,0x6E6F6300,0x2D676966,0x67736D3E,
	0x6675625F,0x6E6F6300,0x2D676966,0x5F746E3E,
	0x00667562,0x666E6F63,0x3E2D6769,0x5F676F6C,
	0x00667562,0x52006C74,0x41465F54,0x0045534C,
	0x5F6E6970,0x5F717269,0x5F726468,0x206D756E,
	0x414D203C,0x49505F58,0x4E495F4E,0x5F545550,
	0x00544E43,0x6D657469,0x69703E2D,0x3D3D206E,
	0x00312D20,0x5F726270,0x5F6E6970,0x5F717269,
	0x5F726468,0x206D756E,0x0030203E,0x5F726270,
	0x206E6970,0x48203D3C,0x505F4C41,0x4D5F5242,
	0x70005841,0x735F6E69,0x65746174,0x203D3E20,
	0x61760030,0x2065756C,0x30203D3E,0x646F6D00,
	0x3D212065,0x4E495020,0x444F4D5F,0x554F5F45,
	0x54555054,0x00444F5F,0x5F4C4148,0x3D204B4F,
	0x7473203D,0x73757461,0x6C617600,0x203D3E20,
	0x62700030,0x69705F72,0x203C206E,0x74003233,
	0x67676972,0x705F7265,0x6E5F6E69,0x3C206D75,
	0x58414D20,0x4E49505F,0x504E495F,0x435F5455,
	0x6700544E,0x006F6970,0x69726573,0x21206C61,
	0x5452203D,0x4C554E5F,0x6175004C,0x21207472,
	0x5452203D,0x4C554E5F,0x6C66004C,0x31687361,
	0x69616D00,0x6974006E,0x3D212064,0x5F545220,
	0x4C4C554E,0x64697400,0x7200656C,0x6E695F74,
	0x72726574,0x5F747075,0x7473656E,0x30203E20,
	0x70732000,0x7830203A,0x78383025,0x7370000A,
	0x30203A72,0x38302578,0x72000A78,0x203A3030,
	0x30257830,0x000A7838,0x3A313072,0x25783020,
	0x0A783830,0x32307200,0x7830203A,0x78383025,
	0x3072000A,0x30203A33,0x38302578,0x72000A78,
	0x203A3430,0x30257830,0x000A7838,0x3A353072,
	0x25783020,0x0A783830,0x36307200,0x7830203A,
	0x78383025,0x3072000A,0x30203A37,0x38302578,
	0x72000A78,0x203A3830,0x30257830,0x000A7838,
	0x3A393072,0x25783020,0x0A783830,0x30317200,
	0x7830203A,0x78383025,0x3172000A,0x30203A31,
	0x38302578,0x72000A78,0x203A3231,0x30257830,
	0x000A7838,0x3A726C20,0x25783020,0x0A783830,
	0x63702000,0x7830203A,0x78383025,0x6168000A,
	0x66206472,0x746C7561,0x206E6F20,0x65726874,
	0x203A6461,0x0A0D7325,0x68000A0D,0x20647261,
	0x6C756166,0x6E6F2074,0x6E616820,0x72656C64,
	0x0A0D0A0D,0x3D3D3D00,0x3D3D3D3D,0x3D3D3D3D,
	0x3D3D3D3D,0x3D3D3D3D,0x000A3D3D,0x3A505350,
	0x25783020,0x4D202C70,0x203A5053,0x70257830,
	0x5046000A,0x63612055,0x65766974,0x000A0D21,
	0x21206D70,0x5452203D,0x4C554E5F,0x6D70004C,
	0x6E754600,0x6F697463,0x73255B6E,0x6873205D,
	0x206C6C61,0x20746F6E,0x75206562,0x20646573,
	0x49206E69,0x000A5253,0x00403908,0x00403858,
	0x00403818,0x004037F8,0x004037C8,0x004037A0,
	0x003925C2,0x02000000,0x003725C2,0x00800000,
	0x011920C2,0x02000000,0x00187025,0x01000000,
	0x00000000,0x00000000,0x00194120,0x02000000,
	0x00194020,0x02000000,0x00194320,0x02000000,
	0x01192085,0x02000000,0x011A2085,0x04000000,
	0x00000000,0x00000000,0x001960C8,0x02000000,
	0x0019400B,0x02000000,0x001940C8,0x02000000,
	0x00000000,0x00000000,0x001960EF,0x02000000,
	0x011970EF,0x02000000,0x001942E5,0x02000000,
	0x001940EF,0x02000000,0x00194968,0x02000000,
	0x0019405E,0x02000000,0x011960A1,0x02000000,
	0x00000000,0x00000000,0x01166085,0x00400000,
	0x01164285,0x00400000,0x01176085,0x00800000,
	0x01186085,0x01000000,0x01186585,0x01000000,
	0x01186385,0x01000000,0x01172085,0x00800000,
	0x01182085,0x01000000,0x00167025,0x00400000,
	0x001860EF,0x01000000,0x0018600B,0x01000000,
	0x0018505E,0x01000000,0x001828A1,0x01000000,
	0x011843C8,0x01000000,0x001840C8,0x01000000,
	0x001740C8,0x00800000,0x01174020,0x00800000,
	0x001860CD,0x01000000,0x011740B3,0x00800000,
	0x011640B3,0x00400000,0x001460B3,0x00100000,
	0x00000000,0x00000000,0x01156085,0x00200000,
	0x01146085,0x00100000,0x00136085,0x00080000,
	0x001460C8,0x00100000,0x001560C8,0x00200000,
	0x001660C8,0x00400000,0x001760C8,0x00800000,
	0x001860C8,0x01000000,0x0017400B,0x00800000,
	0x001842F8,0x01000000,0x0017705E,0x00800000,
	0x0018405E,0x01000000,0x001660EF,0x00400000,
	0x01184020,0x01000000,0x00184120,0x01000000,
	0x00185020,0x01000000,0x001360EB,0x00100000,
	0x001460EB,0x00100000,0x0018401C,0x01000000,
	0x00174068,0x00800000,0x00184068,0x01000000,
	0x0018400B,0x01000000,0x011840B3,0x01000000,
	0x001840EF,0x01000000,0x00000000,0x00000000,
	0x15608500,0x00030000,0x01000000,0x00001000,
	0x00000006,0x00000000,0x00000401,0x00000000,
	0x00050100,0x00000001,0x01010000,0x00000101,
	0x01000000,0x00000000,0x00000000,0x01000300,
	0x02000000,0x000B0101,0x00000801,0x3B010102,
	0x00080200,0x01010200,0x0803006B,0x01020000,
	0x0200BB01,0x02020000,0x00EB0102,0x03000403,
	0x9F010302,0x00000100,0x01000000,0x00000000,
	0x00000000,0x00000000,0x00000000,0x00000000,
	0x00000000,0x00000000,0x00000000,0x00000000,
	0x00000000,0x00000000,0x00000000,0x00000000,
	0x00990000,0x00000000,0x66010000,0x00000000,
	0x01000000,0x00010035,0x00000000,0x00005001,
	0x00000000,0x01020100,0x00000001,0x32010102,
	0x00000301,0x01010200,0x00000000,0x00000000,
	0x00000000,0x00000000,0x00810000,0x00000000,
	0x20010102,0x00000000,0x01010200,0x00000052,
	0x01020000,0x0000D801,0x02000000,0x00600101,
	0x00000000,0x00010000,0x00000000,0x00000000,
	0x00000000,0x00000000,0x00000000,0x00000000,
	0x00000000,0x00000000,0x00000000,0x00000000,
	0x00000000,0x00000000,0x00000000,0x00000000,
	0x00000000,0x00000000,0x00000000,0x00000000,
	0x00000000,0x00000000,0x00000000,0x00000000,
	0x00000000,0x00000000,0x00000000,0x00000000,
	0x00000000,0x00000000,0x00000000,0x00000000,
	0x00000000,0x00000000,0x00000000,0x00000000,
	0x00000000,0x00000000,0x00000000,0x00000000,
	0x00000000,0x00000000,0x01004B00,0x02000008,
	0x00480101,0x00000801,0x42010102,0x00000101,
	0x01010200,0x00000044,0x01020000,0x0000B901,
	0x00000000,0x00AB0100,0x00000000,0xED010000,
	0x00070700,0x01070207,0x0801005A,0x01020000,
	0x00000001,0x16608500,0x00030000,0x01000000,
	0x00001000,0x00000006,0x00000000,0x00000401,
	0x00000000,0x00050100,0x00000001,0x01010000,
	0x00000101,0x01000000,0x00000000,0x00000000,
	0x01000300,0x02000000,0x000B0101,0x00000801,
	0x3B010102,0x00080200,0x01010200,0x0803006B,
	0x01020000,0x0200BB01,0x02020000,0x00EB0102,
	0x03000403,0x9F010302,0x00000100,0x01000000,
	0x00000000,0x00000000,0x00000000,0x00000000,
	0x00000000,0x00000000,0x00000000,0x00000000,
	0x00000000,0x00000000,0x00000000,0x00000000,
	0x00000000,0x00990000,0x00000000,0x66010000,
	0x00000000,0x01000000,0x00010035,0x00000000,
	0x00005001,0x00000000,0x01020100,0x00000001,
	0x32010102,0x00000301,0x01010200,0x00000000,
	0x00000000,0x00000000,0x00000000,0x00810000,
	0x00000000,0x20010102,0x00000000,0x01010200,
	0x00000052,0x01020000,0x0000D801,0x02000000,
	0x00600101,0x00000000,0x00010000,0x00000000,
	0x00000000,0x00000000,0x00000000,0x00000000,
	0x00000000,0x00000000,0x00000000,0x00000000,
	0x00000000,0x00000000,0x00000000,0x00000000,
	0x00000000,0x00000000,0x00000000,0x00000000,
	0x00000000,0x00000000,0x00000000,0x00000000,
	0x00000000,0x00000000,0x00000000,0x00000000,
	0x00000000,0x31000000,0x00000101,0x01000000,
	0x00000000,0x00000000,0x00000000,0x00000000,
	0x00000000,0x00000000,0x00000000,0x00000000,
	0x00000000,0x00000000,0x00000000,0x01004B00,
	0x02000008,0x00480101,0x00000801,0x42010102,
	0x00000101,0x01010200,0x00000044,0x01020000,
	0x0000B901,0x00000000,0x00AB0100,0x00000000,
	0xED010000,0x00070700,0x01070207,0x0801005A,
	0x01020000,0x00000001,0x1960EF00,0x00030000,
	0x01000000,0x00001000,0x00000006,0x00000000,
	0x00000401,0x00000000,0x00050100,0x00000001,
	0x01010000,0x00000101,0x01000000,0x00000000,
	0x00000000,0x01000300,0x02000000,0x000B0101,
	0x00000801,0x3B010102,0x00080200,0x01010200,
	0x0803006B,0x01020000,0x0200BB01,0x02020000,
	0x00EB0102,0x03000403,0x9F010302,0x00000100,
	0x01000000,0x00000000,0x00000000,0x00000000,
	0x00000000,0x00000000,0x00000000,0x00000000,
	0x00000000,0x00000000,0x00000000,0x00000000,
	0x00000000,0x00000000,0x00990000,0x00000000,
	0x66010000,0x00000000,0x01000000,0x00010035,
	0x00000000,0x00005001,0x00000000,0x01020100,
	0x00000001,0x32010102,0x00000301,0x01010200,
	0x000100C8,0x00000000,0x0101C501,0x00000000,
	0x00810100,0x00000000,0x20010102,0x00000000,
	0x01010200,0x00000052,0x01020000,0x0000D801,
	0x02000000,0x00600101,0x00000000,0x15010000,
	0x00000100,0x01000000,0x00010111,0x00000000,
	0x0000B701,0x00000000,0x00E90100,0x00000000,
	0x13010000,0x00000100,0x01010300,0x0801000C,
	0x01030000,0x03006C01,0x03000008,0x00EC0101,
	0x03000403,0x12010303,0x00000101,0x01010300,
	0x00030134,0x01030000,0x00002101,0x03000000,
	0x00DC0101,0x00000000,0x00010103,0x00000000,
	0x00000000,0x00000000,0x00000000,0x00000000,
	0x00000000,0x00000000,0x00000000,0x00000000,
	0x00000000,0x00000000,0x00000000,0x00000000,
	0x01004B00,0x03000008,0x00480101,0x00000801,
	0x42010103,0x00000101,0x01010300,0x00000044,
	0x01030000,0x0000B901,0x00000000,0x00AB0100,
	0x00000000,0xED010000,0x00070700,0x01070307,
	0x0801005A,0x01020000,0x00000001,0x1960C800,
	0x00030000,0x01000000,0x00001000,0x00000006,
	0x00000000,0x00000401,0x00000000,0x00050100,
	0x00000001,0x01010000,0x00000101,0x01000000,
	0x00000000,0x00000000,0x01000300,0x02000000,
	0x000B0101,0x00000801,0x3B010102,0x00080200,
	0x01010200,0x0803006B,0x01020000,0x0200BB01,
	0x02020000,0x00EB0102,0x03000403,0x9F010302,
	0x00000100,0x01000000,0x00000000,0x00000000,
	0x00000000,0x00000000,0x00000000,0x00000000,
	0x00000000,0x00000000,0x00000000,0x00000000,
	0x00000000,0x00000000,0x00000000,0x00990000,
	0x00000000,0x66010000,0x00000000,0x01000000,
	0x00010035,0x00000000,0x00005001,0x00000000,
	0x01020100,0x00000001,0x32010102,0x00000301,
	0x01010200,0x000100C8,0x00000000,0x0101C501,
	0x00000000,0x00810100,0x00000000,0x20010102,
	0x00000000,0x01010200,0x00000052,0x01020000,
	0x0000D801,0x02000000,0x00600101,0x00000000,
	0x15010000,0x00000100,0x01000000,0x00010111,
	0x00000000,0x0000B701,0x00000000,0x00E90100,
	0x00000000,0x03010000,0x00000100,0x01010300,
	0x0801000B,0x01030000,0x03006B01,0x03000008,
	0x00EB0101,0x03000403,0x02010303,0x00000101,
	0x01010300,0x00030132,0x01030000,0x00002001,
	0x03000000,0x00D80101,0x00000000,0x00010103,
	0x00000000,0x00000000,0x00000000,0x00000000,
	0x00000000,0x00000000,0x00000000,0x00000000,
	0x00000000,0x00000000,0x00000000,0x00000000,
	0x00000000,0x01004B00,0x03000008,0x00480101,
	0x00000801,0x42010103,0x00000101,0x01010300,
	0x00000044,0x01030000,0x0000B901,0x00000000,
	0x00AB0100,0x00000000,0x00010000,0x00000000,
	0x00000000,0x0801005A,0x01020000,0x00000001,
	0x19412000,0x00030000,0x01000000,0x00001000,
	0x00000006,0x00000000,0x00000401,0x00000000,
	0x00050100,0x00000001,0x01010000,0x00000101,
	0x01000000,0x00000000,0x00000000,0x01000300,
	0x02000000,0x000B0101,0x00000801,0x3B010102,
	0x00080200,0x01010200,0x0803006B,0x01020000,
	0x0200BB01,0x02020000,0x00EB0102,0x03000403,
	0x9F010302,0x00000100,0x01000000,0x00000000,
	0x00000000,0x00000000,0x00000000,0x00000000,
	0x00000000,0x00000000,0x00000000,0x00000000,
	0x00000000,0x00000000,0x00000000,0x00000000,
	0x00990000,0x00000000,0x66010000,0x00000000,
	0x01000000,0x00010035,0x00000000,0x00005001,
	0x00000000,0x01020100,0x00000001,0x32010102,
	0x00000301,0x01010200,0x000100C8,0x00000000,
	0x0101C501,0x00000000,0x00810100,0x00000000,
	0x20010102,0x00000000,0x01010200,0x00000052,
	0x01020000,0x0000D801,0x02000000,0x00600101,
	0x00000000,0x15010000,0x00000100,0x01000000,
	0x00010111,0x00000000,0x0000B701,0x00000000,
	0x00E90100,0x00000000,0x13010000,0x00000100,
	0x01010300,0x0801000C,0x01030000,0x03006C01,
	0x03000008,0x00EC0101,0x03000403,0x12010303,
	0x00000101,0x01010300,0x00030134,0x01030000,
	0x00002101,0x03000000,0x00DC0101,0x00000000,
	0x31010103,0x00000101,0x01000000,0x00000000,
	0x00000000,0x00000000,0x00000000,0x00000000,
	0x00000000,0x00000000,0x00000000,0x00000000,
	0x00000000,0x00000000,0x01004B00,0x03000008,
	0x00480101,0x00000801,0x42010103,0x00000101,
	0x01010300,0x00000044,0x01030000,0x0000B901,
	0x00000000,0x00AB0100,0x00000000,0x00010000,
	0x00000000,0x00000000,0x0801005A,0x01020000,
	0x00000001,0x3925C200,0x3C000000,0x00000060,
	0x00001000,0x00000006,0x00000000,0x00000401,
	0x00000000,0x00050100,0x00000001,0x01010000,
	0x00000101,0x01000000,0x00000000,0x00000000,
	0x01000300,0x02000000,0x000B0101,0x00000801,
	0x3B010102,0x00080200,0x01010200,0x0803006B,
	0x01020000,0x0200BB01,0x02020000,0x00EB0102,
	0x03000403,0x9F010302,0x00000100,0x01000000,
	0x00000000,0x00000000,0x00000000,0x00000000,
	0x00000000,0x00000000,0x00000000,0x00000000,
	0x00000000,0x00000000,0x00000000,0x00000000,
	0x00000000,0x00990000,0x00000000,0x66010000,
	0x00000000,0x01000000,0x00000000,0x00000000,
	0x00000000,0x00000000,0x01020000,0x00000001,
	0x32010102,0x00000301,0x01010200,0x000100C8,
	0x00000000,0x0101C501,0x00000000,0x00810100,
	0x00000000,0x20010102,0x00000000,0x01010200,
	0x00000052,0x01020000,0x0000D801,0x02000000,
	0x00600101,0x00000000,0x15010000,0x00000100,
	0x01000000,0x00010111,0x00000000,0x0000B701,
	0x00000000,0x00E90100,0x00000000,0x03010000,
	0x00000100,0x01010300,0x0801000B,0x01030000,
	0x03006B01,0x03000008,0x00EB0101,0x03000403,
	0x02010303,0x00000101,0x01010300,0x00030132,
	0x01030000,0x00002001,0x03000000,0x00D80101,
	0x00000000,0x00010103,0x00000000,0x00000000,
	0x00000000,0x00000000,0x00000000,0x00000000,
	0x00000000,0x00000000,0x00000000,0x00000000,
	0x00000000,0x00000000,0x00000000,0x01004B00,
	0x02000008,0x00000101,0x00000000,0x00000000,
	0x00000000,0x00000000,0x00000000,0x00000000,
	0x0000B900,0x00000000,0x00AB0100,0x00000000,
	0x00010000,0x00000000,0x00000000,0x0801005A,
	0x01020000,0x00000001,0x5F737973,0x74696E69,
	0x5F686C5F,0x615F7462,0x6F696475,0x6575715F,
	0x68006575,0x32757063,0x7570636C,0x746F6E5F,
	0x63696669,0x6F697461,0x61635F6E,0x61626C6C,
	0x44006B63,0x545F4742,0x67676972,0x495F7265,
	0x61485152,0x656C646E,0x6D700072,0x74616C5F,
	0x745F6863,0x006B6369,0x705F6D70,0x625F6E69,
	0x756B6361,0x6D700070,0x6E69705F,0x7365725F,
	0x65726F74,0x00000000,0x003FE659,0x003FE56F,
	0x00000000,0x0000000A,0x00000004,0x655F6D64,
	0x635F7272,0x6B636568,0x726C635F,0x726F7000,
	0x6F635F74,0x6769666E,0x6D656D00,0x766E655F,
	0x6E6F635F,0x00676966,0x5F6D6F72,0x74726F70,
	0x7465675F,0x6F626D00,0x78725F78,0x646E695F,
	0x726F7000,0x6F635F74,0x6769666E,0x69616D5F,
	0x786F626C,0x72617500,0x78745F74,0x6D6F635F,
	0x74656C70,0x6F700065,0x635F7472,0x69666E6F,
	0x61755F67,0x00317472,0x74726175,0x6972775F,
	0x75006574,0x5F747261,0x64616572,0x6F626D00,
	0x65725F78,0x6D006461,0x5F786F62,0x74697277,
	0x00000065,0x003FED5B,0x003FEF39,0x003FEFE1,
	0x003FF0A9,0x003FED5F,0x003FF0AD,0x003FED65,
	0x003FED59,0x003FF04D,0x003FF0B5,0x003FF0A5,
	0x003FEE8D,0x003FED6D,0x003FF0B3,0x003FF0A1,
	0x003FF17D,0x003FF219,0x003FF0B1,0x003FF09D,
	0x5F617470,0x5F637470,0x666E6F63,0x70006769,
	0x635F6374,0x69666E6F,0x6F635F67,0x63747000,
	0x6E6F635F,0x00676966,0x05040201,0x73000706,
	0x696C6669,0x6E69705F,0x646F6D5F,0x69730065,
	0x5F696C66,0x5F6E6970,0x64616572,0x66697300,
	0x705F696C,0x615F6E69,0x63617474,0x72695F68,
	0x69730071,0x5F696C66,0x5F6E6970,0x74746564,
	0x5F686361,0x00717269,0x6C666973,0x69705F69,
	0x72695F6E,0x6E655F71,0x656C6261,0x65686300,
	0x775F6B63,0x705F7273,0x70006E69,0x695F6E69,
	0x685F7172,0x64007264,0x705F7672,0x635F6E69,
	0x6B636568,0x00000000,0x003FFBC5,0x003FFB8D,
	0x003FFB3D,0x003FF779,0x003FF8B1,0x003FF949,
	0x003FF775,0x003FF865,0x74726175,0x7273695F,
	0x5F747200,0x6C707061,0x74616369,0x5F6E6F69,
	0x74696E69,0x5F747200,0x65746E69,0x70757272,
	0x656C5F74,0x00657661,0x5F74725F,0x645F6D70,
	0x63697665,0x65725F65,0x72006461,0x6D705F74,
	0x7665645F,0x5F656369,0x69676572,0x72657473,
	0x5F747200,0x725F6D70,0x65757165,0x5F007473,
	0x735F6D70,0x63656C65,0x6C735F74,0x5F706565,
	0x65646F6D,0x00000000,0x00002710,0x00000004,
	0xE7FEB900,0x4A054B04,0x1B04F853,0xF8404293,
	0xD1F91B04,0x47702000,0x50003000,0x50003108,
	0xE7FEB900,0x4A054B04,0x1B04F850,0x1B04F843,
	0xD1F94293,0x47702000,0x50003000,0x50003108,
	0xD80E2805,0xF8524A08,0xB1293020,0x0306F043,
	0x3020F842,0x47702000,0x0306F023,0x0304F043,
	0x2001E7F6,0xBF004770,0x5004B0B4,0xBF9D2805,
	0xF8534B03,0xF3C00020,0xF04F2040,0x477030FF,
	0x5004B0B4,0xD80C2805,0xF8534B07,0x07922020,
	0xF853D507,0xF3612020,0xF8430200,0x20002020,
	0x20014770,0xBF004770,0x5004B0B4,0x47704770,
	0x480CB508,0xFFB4F7FF,0xF240B128,0x490A1285,
	0xF476480A,0x2202FC5F,0x480A4909,0xF8D0F400,
	0xE8BDB138,0xF2404008,0x49031289,0xF4764803,
	0xBD08BC51,0x20407D74,0x004046B6,0x00403308,
	0x20407E7C,0x50080000,0x480CB508,0xFF80F7FF,
	0xF240B128,0x490A1291,0xF476480A,0x2202FC3B,
	0x480A4909,0xF8D2F400,0xE8BDB138,0xF2404008,
	0x49031295,0xF4764803,0xBD08BC2D,0x20407D74,
	0x004046A8,0x00403308,0x20407E7C,0x50080000,
	0xF04FB508,0xF7FB50E0,0xF7F8FC17,0xE8BDFE6C,
	0x20034008,0xBF66F7F7,0xF04FB508,0xF7FB50E0,
	0xF7F8FC0B,0xE8BDFE81,0x20084008,0xBF5AF7F7,
	0x4C1CB510,0xF0036823,0x2B030303,0xD0024B1A,
	0x701A2200,0x2201BD10,0x4A18701A,0xF0436953,
	0x61535300,0xF0236C23,0x64230302,0xFF88F7FF,
	0xF0236C23,0x64230301,0x681B4B11,0xBF5F07DB,
	0xF8D24A10,0xF4233114,0xF8C23380,0xF7FB3114,
	0xF7F7FC25,0xF7FBFF0E,0x2201FF49,0x601A4B0A,
	0xFB4AF7F7,0xFC46F7FB,0xFF95F7FB,0xFDBCF7F9,
	0xBF00E7D0,0x50040000,0x20407ED4,0x5000F000,
	0x5004A000,0x50090000,0x20407EDC,0x4C42B570,
	0xFCF4F7F9,0x69E36A22,0xD003421A,0x4070E8BD,
	0xBD02F7F9,0xF0236AA3,0x62A30310,0x69E36A22,
	0xD004421A,0xF0436AA3,0x62A30310,0x2101E7EE,
	0xF7F72002,0xF7FFFDBE,0xF7FFFF5F,0x2501FF81,
	0x601D4B32,0x432B6C23,0x6C236423,0x0302F043,
	0x4B2F6423,0xF4046818,0xF3EFF8E3,0x4B2D8203,
	0xF3EF641A,0x645A8210,0x8213F3EF,0xF3EF649A,
	0x64DA8211,0x8214F3EF,0xF3EF651A,0x659A8209,
	0x8108F3EF,0xF3EF6559,0x65D9810B,0x810AF3EF,
	0x635A6619,0x4619B402,0x4608C101,0xC002BC02,
	0xE8A14601,0xF1031FFC,0xF103023C,0x33580638,
	0x302D4678,0xF8C66010,0xF8C3E000,0xF3BFD000,
	0xF3BF8F4F,0xBF008F6F,0xBF00BF00,0xBF00BF00,
	0xBF00BF00,0xBF30BF00,0xBF00BF00,0xBF00BF00,
	0xBF00BF00,0xBF00BF00,0xBF00BF00,0xF0436AA3,
	0x62A30310,0xF0236823,0x60230303,0xFF2CF7FF,
	0xF7F74628,0xE781FD55,0x50040000,0xE000E100,
	0x20407F2C,0x20407F38,0xBF00B5F8,0xBC08BCF8,
	0x4770469E,0xBF00B5F8,0xBC08BCF8,0x4770469E,
	0x00400549,0x0040054D,0x00400231,0x00400331,
	0x00400551,0x003FE8A5,0x0004DBB1,0x003FC1D5,
	0x003FE1DD,0x003FE169,0x003FE475,0x003FECC5,
	0x00400555,0x00000000,0x7FFF7C10,0x80B0B0B0,
	0x7FFF7C6C,0x00000001,0x00404CC4,0x203FC000,
	0x00000000,0x204079F0,0x00000C28,0x203FC000,
	0x00000000,0x00010001,0x00010001,0x00000001,
	0x02DC6C00,0x000000C8,0x40002000,0x00000000,
	0x003FE41D,0x003FE931,0x004049DD,0x003FE591,
	0x003FE571,0x004049DF,0x003FE56D,0x003FEADD,
	0x00000400,0x00000400,0x50080008,0x5008000C,
	0x500827E0,0x5000101C,0x00000000,0x00000003,
	0x00000001,0x00000000,0x004033EB,0x50005000,
	0x0000000C,0x00000000,0x00000000,0x00000000,
	0x00000000,0x00000000,0x00000000,0x00000000,
	0x00000000,0x00000000,0x00000000,0x00000000,
	0x00000000,0x00000000,0x00000000,0x00000000,
	0x00000000,0x00000000,0x00000000,0x00000000,
	0x00000000,0x00000000,0x00000000,0x00000000,
	0x00000000,0x00000000,0x00000000,0x00000000,
	0x00000000,0x50041000,0x00000000,0x00000000,
	0x00000000,0x00000000,0x00000000,0x00000000,
	0x00000000,0x00000000,0x00000000,0x00000000,
	0x00000000,0x00000000,0x0000002A,0x00403316,
	0x0001FF01,0x003FC171,0x003FC149,};
uint32_t lcpu_ramcode_len()
{
	return sizeof(g_lcpu_bin);
}
void lcpu_img_install()
{
#if (LPSYS_RAM_CBUS_BASE < (LPSYS_SRAM_BASE - 0x20000000)) 
	if (sizeof(g_lcpu_bin) <= LPSYS_ITCM_SIZE)
		memcpy((void *)(LCPU_ITCM_ADDR_2_HCPU_ADDR(LPSYS_ITCM_BASE)), g_lcpu_bin, sizeof(g_lcpu_bin));
	else
	{
		memcpy((void *)(LCPU_ITCM_ADDR_2_HCPU_ADDR(LPSYS_ITCM_BASE)), g_lcpu_bin, LPSYS_ITCM_SIZE);
		memcpy((void *)(LPSYS_SRAM_BASE), (uint8_t *)g_lcpu_bin + LPSYS_ITCM_SIZE, sizeof(g_lcpu_bin) - LPSYS_ITCM_SIZE);
	}
#else
	memcpy((void*)(HCPU_LCPU_CODE_START_ADDR),g_lcpu_bin,sizeof(g_lcpu_bin));
#endif
}
